DROP SCHEMA IF EXISTS lottery CASCADE;

CREATE SCHEMA IF NOT EXISTS lottery;

SET search_path = "lottery";

SET TIMEZONE TO +7;

----------------------------------------------------------------------------------------------------

CREATE TYPE lottery.LOTTERY_CATEGORY_ENUM AS ENUM ('QUICK', 'NORTH', 'MIDDLE', 'SOUTH');

----------------------------------------------------------------------------------------------------

CREATE TYPE lottery.SCHEDULER_STATUS_ENUM AS ENUM ('ACTIVE', 'SUSPENDED');
CREATE SEQUENCE IF NOT EXISTS lottery.scheduler_seq START 101;
DROP TABLE IF EXISTS lottery.scheduler;
CREATE TABLE IF NOT EXISTS lottery.scheduler (
  id                 INTEGER                       NOT NULL DEFAULT nextval('lottery.scheduler_seq' :: REGCLASS),
  code               VARCHAR(255)                  NOT NULL UNIQUE,
  category           lottery.LOTTERY_CATEGORY_ENUM NOT NULL,
  open_day           VARCHAR(255),
  START_at           TIME,
  open_duration      INTEGER,
  idle_duration      INTEGER                       NOT NULL,
  draw_result_src    TEXT,
  logo_url           TEXT,
  status             lottery.SCHEDULER_STATUS_ENUM NOT NULL DEFAULT 'ACTIVE' :: lottery.SCHEDULER_STATUS_ENUM,

  version            BIGINT                                 DEFAULT 0,
  created_date       TIMESTAMP                              DEFAULT CURRENT_TIMESTAMP,
  last_modified_date TIMESTAMP                              DEFAULT CURRENT_TIMESTAMP,
  created_by         VARCHAR(255),
  last_modified_by   VARCHAR(255),

  PRIMARY KEY (id),
  CHECK (idle_duration <= open_duration)
);
INSERT INTO lottery.scheduler(id, code, category, open_duration, idle_duration)
VALUES (1, '30S', 'QUICK', 30, 3),
       (2, '60S', 'QUICK', 60, 3),
       (3, '120S', 'QUICK', 120, 3),
       (4, '300S', 'QUICK', 300, 3);

INSERT INTO lottery.scheduler(id,
                              code,
                              category,
                              open_day,
                              start_at,
                              idle_duration,
                              draw_result_src)
VALUES (5,
        'MIEN_BAC',
        'NORTH',
        'MONDAY,TUESDAY,WEDNESDAY,THURSDAY,FRIDAY,SATURDAY,SUNDAY',
        '18:15:00',
        900,
        'http://kqxs.net.vn/rss-feed/xo-so-mien-bac-xsmb-xstd.rss,https://xskt.com.vn/rss-feed/mien-bac-xsmb.rss'),
       (6, 'HCM', 'SOUTH', 'MONDAY,SATURDAY', '16:15:00', 900,
        'http://kqxs.net.vn/rss-feed/xo-so-tphcm-xshcm.rss,https://xskt.com.vn/rss-feed/tp-hcm-xshcm.rss'),
       (7,
        'DONG_THAP',
        'SOUTH',
        'MONDAY',
        '16:15:00',
        900,
        'http://kqxs.net.vn/rss-feed/xo-so-dong-thap-xsdt.rss,https://xskt.com.vn/rss-feed/dong-thap-xsdt.rss'),
       (8, 'CA_MAU', 'SOUTH', 'MONDAY', '16:15:00', 900,
        'http://kqxs.net.vn/rss-feed/xo-so-ca-mau-xscm.rss,https://xskt.com.vn/rss-feed/ca-mau-xscm.rss'),
       (9, 'BEN_TRE', 'SOUTH', 'TUESDAY', '16:15:00', 900,
        'http://kqxs.net.vn/rss-feed/xo-so-ben-tre-xsbt.rss,https://xskt.com.vn/rss-feed/ben-tre-xsbt.rss'),
       (10,
        'VUNG_TAU',
        'SOUTH',
        'TUESDAY',
        '16:15:00',
        900,
        'http://kqxs.net.vn/rss-feed/xo-so-vung-tau-xsvt.rss,https://xskt.com.vn/rss-feed/vung-Rtau-xsvt.rss'),
       (11, 'BAC_LIEU', 'SOUTH', 'TUESDAY', '16:15:00', 900,
        'http://kqxs.net.vn/rss-feed/xo-so-bac-lieu-xsbl.rss,https://xskt.com.vn/rss-feed/bac-lieu-xsbl.rss'),
       (12, 'DONG_NAI', 'SOUTH', 'WEDNESDAY', '16:15:00', 900,
        'http://kqxs.net.vn/rss-feed/xo-so-dong-nai-xsdn.rss,https://xskt.com.vn/rss-feed/dong-nai-xsdn.rss'),
       (13, 'CAN_THO', 'SOUTH', 'WEDNESDAY', '16:15:00', 900,
        'http://kqxs.net.vn/rss-feed/xo-so-can-tho-xsct.rss,https://xskt.com.vn/rss-feed/can-tho-xsct.rss'),
       (14,
        'SOC_TRANG',
        'SOUTH',
        'WEDNESDAY',
        '16:15:00',
        900,
        'http://kqxs.net.vn/rss-feed/xo-so-soc-trang-xsst.rss,https://xskt.com.vn/rss-feed/soc-trang-xsst.rss'),
       (15, 'TAY_NINH', 'SOUTH', 'THURSDAY', '16:15:00', 900,
        'http://kqxs.net.vn/rss-feed/xo-so-tay-ninh-xstn.rss,https://xskt.com.vn/rss-feed/tay-ninh-xstn.rss'),
       (16, 'AN_GIANG', 'SOUTH', 'THURSDAY', '16:15:00', 900,
        'http://kqxs.net.vn/rss-feed/xo-so-an-giang-xsag.rss,https://xskt.com.vn/rss-feed/an-giang-xsag.rss'),
       (17,
        'BINH_THUAN',
        'SOUTH',
        'THURSDAY',
        '16:15:00',
        900,
        'http://kqxs.net.vn/rss-feed/xo-so-binh-thuan-xsbth.rss,https://xskt.com.vn/rss-feed/binh-thuan-xsbth.rss'),
       (18,
        'VINH_LONG',
        'SOUTH',
        'FRIDAY',
        '16:15:00',
        900,
        'http://kqxs.net.vn/rss-feed/xo-so-vinh-long-xsvl.rss,https://xskt.com.vn/rss-feed/vinh-long-xsvl.rss'),
       (19,
        'BINH_DUONG',
        'SOUTH',
        'FRIDAY',
        '16:15:00',
        900,
        'http://kqxs.net.vn/rss-feed/xo-so-binh-duong-xsbd.rss,https://xskt.com.vn/rss-feed/binh-duong-xsbd.rss'),
       (20, 'TRA_VINH', 'SOUTH', 'FRIDAY', '16:15:00', 900,
        'http://kqxs.net.vn/rss-feed/xo-so-tra-vinh-xstv.rss,https://xskt.com.vn/rss-feed/tra-vinh-xstv.rss'),
       (21, 'LONG_AN', 'SOUTH', 'SATURDAY', '16:15:00', 900,
        'http://kqxs.net.vn/rss-feed/xo-so-long-an-xsla.rss,https://xskt.com.vn/rss-feed/long-an-xsla.rss'),
       (22,
        'HAU_GIANG',
        'SOUTH',
        'SATURDAY',
        '16:15:00',
        900,
        'http://kqxs.net.vn/rss-feed/xo-so-binh-phuoc-xsbp.rss,https://xskt.com.vn/rss-feed/binh-phuoc-xsbp.rss'),
       (23,
        'BINH_PHUOC',
        'SOUTH',
        'SATURDAY',
        '16:15:00',
        900,
        'http://kqxs.net.vn/rss-feed/xo-so-hau-giang-xshg.rss,https://xskt.com.vn/rss-feed/hau-giang-xshg.rss'),
       (24,
        'TIEN_GIANG',
        'SOUTH',
        'SUNDAY',
        '16:15:00',
        900,
        'http://kqxs.net.vn/rss-feed/xo-so-tien-giang-xstg.rss,https://xskt.com.vn/rss-feed/tien-giang-xstg.rss'),
       (25,
        'KIEN_GIANG',
        'SOUTH',
        'SUNDAY',
        '16:15:00',
        900,
        'http://kqxs.net.vn/rss-feed/xo-so-kien-giang-xskg.rss,https://xskt.com.vn/rss-feed/kien-giang-xskg.rss'),
       (26,
        'DA_LAT',
        'SOUTH',
        'SUNDAY',
        '16:15:00',
        900,
        'http://kqxs.net.vn/rss-feed/xo-so-da-lat-xsdl-xsld.rss,https://xskt.com.vn/rss-feed/lam-dong-xsld.rss'),
       (27,
        'TT_HUE',
        'MIDDLE',
        'MONDAY',
        '17:15:00',
        900,
        'http://kqxs.net.vn/rss-feed/xo-so-thua-thien-hue-xstth.rss,https://xskt.com.vn/rss-feed/thua-thien-hue-xstth.rss'),
       (28, 'PHU_YEN', 'MIDDLE', 'MONDAY', '17:15:00', 900,
        'http://kqxs.net.vn/rss-feed/xo-so-phu-yen-xspy.rss,https://xskt.com.vn/rss-feed/phu-yen-xspy.rss'),
       (29, 'DAK_LAK', 'MIDDLE', 'TUESDAY', '17:15:00', 900,
        'http://kqxs.net.vn/rss-feed/xo-so-dak-lak-xsdlk.rss,https://xskt.com.vn/rss-feed/dac-lac-xsdlk.rss'),
       (30,
        'QUANG_NAM',
        'MIDDLE',
        'TUESDAY',
        '17:15:00',
        900,
        'http://kqxs.net.vn/rss-feed/xo-so-quang-nam-xsqnm.rss,https://xskt.com.vn/rss-feed/quang-nam-xsqnm.rss'),
       (31, 'DA_NANG', 'MIDDLE', 'WEDNESDAY,SATURDAY', '17:15:00', 900,
        'http://kqxs.net.vn/rss-feed/xo-so-da-nang-xsdng.rss,https://xskt.com.vn/rss-feed/da-nang-xsdng.rss'),
       (32,
        'KHANH_HOA',
        'MIDDLE',
        'WEDNESDAY,SUNDAY',
        '17:15:00',
        900,
        'http://kqxs.net.vn/rss-feed/xo-so-khanh-hoa-xskh.rss,https://xskt.com.vn/rss-feed/khanh-hoa-xskh.rss'),
       (33,
        'BINH_DINH',
        'MIDDLE',
        'THURSDAY',
        '17:15:00',
        900,
        'http://kqxs.net.vn/rss-feed/xo-so-binh-dinh-xsbdi.rss,https://xskt.com.vn/rss-feed/binh-dinh-xsbdi.rss'),
       (34,
        'QUANG_TRI',
        'MIDDLE',
        'THURSDAY',
        '17:15:00',
        900,
        'http://kqxs.net.vn/rss-feed/xo-so-quang-tri-xsqt.rss,https://xskt.com.vn/rss-feed/quang-tri-xsqt.rss'),
       (35,
        'QUANG_BINH',
        'MIDDLE',
        'THURSDAY',
        '17:15:00',
        900,
        'http://kqxs.net.vn/rss-feed/xo-so-quang-binh-xsqb.rss,https://xskt.com.vn/rss-feed/quang-binh-xsqb.rss'),
       (36, 'GIA_LAI', 'MIDDLE', 'FRIDAY', '17:15:00', 900,
        'http://kqxs.net.vn/rss-feed/xo-so-gia-lai-xsgl.rss,https://xskt.com.vn/rss-feed/gia-lai-xsgl.rss'),
       (37,
        'NINH_THUAN',
        'MIDDLE',
        'FRIDAY',
        '17:15:00',
        900,
        'http://kqxs.net.vn/rss-feed/xo-so-ninh-thuan-xsnt.rss,https://xskt.com.vn/rss-feed/ninh-thuan-xsnt.rss'),
       (38,
        'QUANG_NGAI',
        'MIDDLE',
        'SATURDAY',
        '17:15:00',
        900,
        'http://kqxs.net.vn/rss-feed/xo-so-quang-ngai-xsqng.rss,https://xskt.com.vn/rss-feed/quang-ngai-xsqng.rss'),
       (39,
        'DAC_NONG',
        'MIDDLE',
        'SATURDAY',
        '17:15:00',
        900,
        'http://kqxs.net.vn/rss-feed/xo-so-dak-nong-xsdno.rss,https://xskt.com.vn/rss-feed/dac-nong-xsdno.rss'),
       (40, 'KON_TUM', 'MIDDLE', 'SUNDAY', '17:15:00', 900,
        'http://kqxs.net.vn/rss-feed/xo-so-kon-tum-xskt.rss,https://xskt.com.vn/rss-feed/kon-tum-xskt.rss');

----------------------------------------------------------------------------------------------------

CREATE SEQUENCE IF NOT EXISTS lottery.prize_schema_seq START 101;
DROP TABLE IF EXISTS lottery.prize_schema;
CREATE TABLE IF NOT EXISTS lottery.prize_schema (
  id                 INTEGER      NOT NULL DEFAULT nextval('lottery.prize_schema_seq' :: REGCLASS),
  code               VARCHAR(255) NOT NULL UNIQUE,
  win_no_size        INTEGER      NOT NULL,
  win_no_length      INTEGER      NOT NULL,

  version            BIGINT                DEFAULT 0,
  created_date       TIMESTAMP             DEFAULT CURRENT_TIMESTAMP,
  last_modified_date TIMESTAMP             DEFAULT CURRENT_TIMESTAMP,
  created_by         VARCHAR(255),
  last_modified_by   VARCHAR(255),

  PRIMARY KEY (id),
  CHECK (win_no_length > 0 AND win_no_size > 0)
);

INSERT INTO lottery.prize_schema(id, code, win_no_size, win_no_length)
VALUES (1, 'SPECIAL', 1, 6),
       (2, 'FIRST', 1, 5),
       (3, 'SECOND', 1, 5),
       (4, 'THIRD', 2, 5),
       (5, 'FOURTH', 7, 5),
       (6, 'FIFTH', 1, 4),
       (7, 'SIXTH', 3, 4),
       (8, 'SEVENTH', 1, 3),
       (9, 'EIGHTH', 1, 2),
       -- MIEN BAC
       (10, 'SPECIAL_NORTH', 1, 5),
       (11, 'FIRST_NORTH', 1, 5),
       (12, 'SECOND_NORTH', 2, 5),
       (13, 'THIRD_NORTH', 6, 5),
       (14, 'FOURTH_NORTH', 4, 4),
       (15, 'FIFTH_NORTH', 6, 4),
       (16, 'SIXTH_NORTH', 3, 3),
       (17, 'SEVENTH_NORTH', 4, 2);

----------------------------------------------------------------------------------------------------

CREATE TYPE lottery.PRIZE_STATUS_ENUM AS ENUM ('ACTIVE', 'SUSPENDED');
CREATE SEQUENCE IF NOT EXISTS lottery.prize_seq START 501;
DROP TABLE IF EXISTS lottery.prize;
CREATE TABLE IF NOT EXISTS lottery.prize (
  id                 INTEGER                   NOT NULL DEFAULT nextval('lottery.prize_seq' :: REGCLASS),
  code               VARCHAR(255)              NOT NULL UNIQUE,
  prize_schema_id    INTEGER                   NOT NULL,
  scheduler_id       INTEGER                   NOT NULL,
  prize_position     INTEGER                   NOT NULL,
  status             lottery.PRIZE_STATUS_ENUM NOT NULL DEFAULT 'ACTIVE' :: lottery.PRIZE_STATUS_ENUM,

  version            BIGINT                             DEFAULT 0,
  created_date       TIMESTAMP                          DEFAULT CURRENT_TIMESTAMP,
  last_modified_date TIMESTAMP                          DEFAULT CURRENT_TIMESTAMP,
  created_by         VARCHAR(255),
  last_modified_by   VARCHAR(255),

  PRIMARY KEY (id),
  FOREIGN KEY (prize_schema_id) REFERENCES lottery.prize_schema(id),
  FOREIGN KEY (scheduler_id) REFERENCES lottery.scheduler(id),
  UNIQUE (prize_schema_id, scheduler_id),
  CHECK (prize_position > 0)
);

INSERT INTO lottery.prize(id, scheduler_id, code, prize_schema_id, prize_position)
VALUES
  -- 30S
  (1, 1, 'SPECIAL_30S', 1, 1),
  (2, 1, 'FIRST_30S', 2, 2),
  (3, 1, 'SECOND_30S', 3, 3),
  (4, 1, 'THIRD_30S', 4, 4),
  (5, 1, 'FOURTH_30S', 5, 5),
  (6, 1, 'FIFTH_30S', 6, 6),
  (7, 1, 'SIXTH_30S', 7, 7),
  (8, 1, 'SEVENTH_30S', 8, 8),
  (9, 1, 'EIGHTH_30S', 9, 9),
  -- 60S
  (10, 2, 'SPECIAL_60S', 1, 1),
  (11, 2, 'FIRST_60S', 2, 2),
  (12, 2, 'SECOND_60S', 3, 3),
  (13, 2, 'THIRD_60S', 4, 4),
  (14, 2, 'FOURTH_60S', 5, 5),
  (15, 2, 'FIFTH_60S', 6, 6),
  (16, 2, 'SIXTH_60S', 7, 7),
  (17, 2, 'SEVENTH_60S', 8, 8),
  (18, 2, 'EIGHTH_60S', 9, 9),
  -- 120S
  (19, 3, 'SPECIAL_120S', 1, 1),
  (20, 3, 'FIRST_120S', 2, 2),
  (21, 3, 'SECOND_120S', 3, 3),
  (22, 3, 'THIRD_120S', 4, 4),
  (23, 3, 'FOURTH_120S', 5, 5),
  (24, 3, 'FIFTH_120S', 6, 6),
  (25, 3, 'SIXTH_120S', 7, 7),
  (26, 3, 'SEVENTH_120S', 8, 8),
  (27, 3, 'EIGHTH_120S', 9, 9),
  -- 300S
  (28, 4, 'SPECIAL_300S', 1, 1),
  (29, 4, 'FIRST_300S', 2, 2),
  (30, 4, 'SECOND_300S', 3, 3),
  (31, 4, 'THIRD_300S', 4, 4),
  (32, 4, 'FOURTH_300S', 5, 5),
  (33, 4, 'FIFTH_300S', 6, 6),
  (34, 4, 'SIXTH_300S', 7, 7),
  (35, 4, 'SEVENTH_300S', 8, 8),
  (36, 4, 'EIGHTH_300S', 9, 9),
  -- MIEN_BAC
  (37, 5, 'SPECIAL_NORTH', 10, 1),
  (38, 5, 'FIRST_NORTH', 11, 2),
  (39, 5, 'SECOND_NORTH', 12, 3),
  (40, 5, 'THIRD_NORTH', 13, 4),
  (41, 5, 'FOURTH_NORTH', 14, 5),
  (42, 5, 'FIFTH_NORTH', 15, 6),
  (43, 5, 'SIXTH_NORTH', 16, 7),
  (44, 5, 'SEVENTH_NORTH', 17, 8),
  -- HCM
  (45, 6, 'SPECIAL_HCM', 1, 1),
  (46, 6, 'FIRST_HCM', 2, 2),
  (47, 6, 'SECOND_HCM', 3, 3),
  (48, 6, 'THIRD_HCM', 4, 4),
  (49, 6, 'FOURTH_HCM', 5, 5),
  (50, 6, 'FIFTH_HCM', 6, 6),
  (51, 6, 'SIXTH_HCM', 7, 7),
  (52, 6, 'SEVENTH_HCM', 8, 8),
  (53, 6, 'EIGHTH_HCM', 9, 9),
  -- DONG_THAP
  (54, 7, 'SPECIAL_DONG_THAP', 1, 1),
  (55, 7, 'FIRST_DONG_THAP', 2, 2),
  (56, 7, 'SECOND_DONG_THAP', 3, 3),
  (57, 7, 'THIRD_DONG_THAP', 4, 4),
  (58, 7, 'FOURTH_DONG_THAP', 5, 5),
  (59, 7, 'FIFTH_DONG_THAP', 6, 6),
  (60, 7, 'SIXTH_DONG_THAP', 7, 7),
  (61, 7, 'SEVENTH_DONG_THAP', 8, 8),
  (62, 7, 'EIGHTH_DONG_THAP', 9, 9),
  -- CA_MAU
  (63, 8, 'SPECIAL_CA_MAU', 1, 1),
  (64, 8, 'FIRST_CA_MAU', 2, 2),
  (65, 8, 'SECOND_CA_MAU', 3, 3),
  (66, 8, 'THIRD_CA_MAU', 4, 4),
  (67, 8, 'FOURTH_CA_MAU', 5, 5),
  (68, 8, 'FIFTH_CA_MAU', 6, 6),
  (69, 8, 'SIXTH_CA_MAU', 7, 7),
  (70, 8, 'SEVENTH_CA_MAU', 8, 8),
  (71, 8, 'EIGHTH_CA_MAU', 9, 9),
  -- BEN_TRE
  (72, 9, 'SPECIAL_BEN_TRE', 1, 1),
  (73, 9, 'FIRST_BEN_TRE', 2, 2),
  (74, 9, 'SECOND_BEN_TRE', 3, 3),
  (75, 9, 'THIRD_BEN_TRE', 4, 4),
  (76, 9, 'FOURTH_BEN_TRE', 5, 5),
  (77, 9, 'FIFTH_BEN_TRE', 6, 6),
  (78, 9, 'SIXTH_BEN_TRE', 7, 7),
  (79, 9, 'SEVENTH_BEN_TRE', 8, 8),
  (80, 9, 'EIGHTH_BEN_TRE', 9, 9),
  -- VUNG_TAU
  (81, 10, 'SPECIAL_VUNG_TAU', 1, 1),
  (82, 10, 'FIRST_VUNG_TAU', 2, 2),
  (83, 10, 'SECOND_VUNG_TAU', 3, 3),
  (84, 10, 'THIRD_VUNG_TAU', 4, 4),
  (85, 10, 'FOURTH_VUNG_TAU', 5, 5),
  (86, 10, 'FIFTH_VUNG_TAU', 6, 6),
  (87, 10, 'SIXTH_VUNG_TAU', 7, 7),
  (88, 10, 'SEVENTH_VUNG_TAU', 8, 8),
  (89, 10, 'EIGHTH_VUNG_TAU', 9, 9),
  -- BAC_LIEU
  (90, 11, 'SPECIAL_BAC_LIEU', 1, 1),
  (91, 11, 'FIRST_BAC_LIEU', 2, 2),
  (92, 11, 'SECOND_BAC_LIEU', 3, 3),
  (93, 11, 'THIRD_BAC_LIEU', 4, 4),
  (94, 11, 'FOURTH_BAC_LIEU', 5, 5),
  (95, 11, 'FIFTH_BAC_LIEU', 6, 6),
  (96, 11, 'SIXTH_BAC_LIEU', 7, 7),
  (97, 11, 'SEVENTH_BAC_LIEU', 8, 8),
  (98, 11, 'EIGHTH_BAC_LIEU', 9, 9),
  -- DONG_NAI
  (99, 12, 'SPECIAL_DONG_NAI', 1, 1),
  (100, 12, 'FIRST_DONG_NAI', 2, 2),
  (101, 12, 'SECOND_DONG_NAI', 3, 3),
  (102, 12, 'THIRD_DONG_NAI', 4, 4),
  (103, 12, 'FOURTH_DONG_NAI', 5, 5),
  (104, 12, 'FIFTH_DONG_NAI', 6, 6),
  (105, 12, 'SIXTH_DONG_NAI', 7, 7),
  (106, 12, 'SEVENTH_DONG_NAI', 8, 8),
  (107, 12, 'EIGHTH_DONG_NAI', 9, 9),
  -- CAN_THO
  (108, 13, 'SPECIAL_CAN_THO', 1, 1),
  (109, 13, 'FIRST_CAN_THO', 2, 2),
  (110, 13, 'SECOND_CAN_THO', 3, 3),
  (111, 13, 'THIRD_CAN_THO', 4, 4),
  (112, 13, 'FOURTH_CAN_THO', 5, 5),
  (113, 13, 'FIFTH_CAN_THO', 6, 6),
  (114, 13, 'SIXTH_CAN_THO', 7, 7),
  (115, 13, 'SEVENTH_CAN_THO', 8, 8),
  (116, 13, 'EIGHTH_CAN_THO', 9, 9),
  -- SOC_TRANG
  (117, 14, 'SPECIAL_SOC_TRANG', 1, 1),
  (118, 14, 'FIRST_SOC_TRANG', 2, 2),
  (119, 14, 'SECOND_SOC_TRANG', 3, 3),
  (120, 14, 'THIRD_SOC_TRANG', 4, 4),
  (121, 14, 'FOURTH_SOC_TRANG', 5, 5),
  (122, 14, 'FIFTH_SOC_TRANG', 6, 6),
  (123, 14, 'SIXTH_SOC_TRANG', 7, 7),
  (124, 14, 'SEVENTH_SOC_TRANG', 8, 8),
  (125, 14, 'EIGHTH_SOC_TRANG', 9, 9),
  -- TAY_NINH
  (126, 15, 'SPECIAL_TAY_NINH', 1, 1),
  (127, 15, 'FIRST_TAY_NINH', 2, 2),
  (128, 15, 'SECOND_TAY_NINH', 3, 3),
  (129, 15, 'THIRD_TAY_NINH', 4, 4),
  (130, 15, 'FOURTH_TAY_NINH', 5, 5),
  (131, 15, 'FIFTH_TAY_NINH', 6, 6),
  (132, 15, 'SIXTH_TAY_NINH', 7, 7),
  (133, 15, 'SEVENTH_TAY_NINH', 8, 8),
  (134, 15, 'EIGHTH_TAY_NINH', 9, 9),
  -- AN_GIANG
  (135, 16, 'SPECIAL_AN_GIANG', 1, 1),
  (136, 16, 'FIRST_AN_GIANG', 2, 2),
  (137, 16, 'SECOND_AN_GIANG', 3, 3),
  (138, 16, 'THIRD_AN_GIANG', 4, 4),
  (139, 16, 'FOURTH_AN_GIANG', 5, 5),
  (140, 16, 'FIFTH_AN_GIANG', 6, 6),
  (141, 16, 'SIXTH_AN_GIANG', 7, 7),
  (142, 16, 'SEVENTH_AN_GIANG', 8, 8),
  (143, 16, 'EIGHTH_AN_GIANG', 9, 9),
  -- BINH_THUAN
  (144, 17, 'SPECIAL_BINH_THUAN', 1, 1),
  (145, 17, 'FIRST_BINH_THUAN', 2, 2),
  (146, 17, 'SECOND_BINH_THUAN', 3, 3),
  (147, 17, 'THIRD_BINH_THUAN', 4, 4),
  (148, 17, 'FOURTH_BINH_THUAN', 5, 5),
  (149, 17, 'FIFTH_BINH_THUAN', 6, 6),
  (150, 17, 'SIXTH_BINH_THUAN', 7, 7),
  (151, 17, 'SEVENTH_BINH_THUAN', 8, 8),
  (152, 17, 'EIGHTH_BINH_THUAN', 9, 9),
  -- VINH_LONG
  (153, 18, 'SPECIAL_VINH_LONG', 1, 1),
  (154, 18, 'FIRST_VINH_LONG', 2, 2),
  (155, 18, 'SECOND_VINH_LONG', 3, 3),
  (156, 18, 'THIRD_VINH_LONG', 4, 4),
  (157, 18, 'FOURTH_VINH_LONG', 5, 5),
  (158, 18, 'FIFTH_VINH_LONG', 6, 6),
  (159, 18, 'SIXTH_VINH_LONG', 7, 7),
  (160, 18, 'SEVENTH_VINH_LONG', 8, 8),
  (161, 18, 'EIGHTH_VINH_LONG', 9, 9),
  -- BINH_DUONG
  (162, 19, 'SPECIAL_BINH_DUONG', 1, 1),
  (163, 19, 'FIRST_BINH_DUONG', 2, 2),
  (164, 19, 'SECOND_BINH_DUONG', 3, 3),
  (165, 19, 'THIRD_BINH_DUONG', 4, 4),
  (166, 19, 'FOURTH_BINH_DUONG', 5, 5),
  (167, 19, 'FIFTH_BINH_DUONG', 6, 6),
  (168, 19, 'SIXTH_BINH_DUONG', 7, 7),
  (169, 19, 'SEVENTH_BINH_DUONG', 8, 8),
  (170, 19, 'EIGHTH_BINH_DUONG', 9, 9),
  -- TRA_VINH
  (171, 20, 'SPECIAL_TRA_VINH', 1, 1),
  (172, 20, 'FIRST_TRA_VINH', 2, 2),
  (173, 20, 'SECOND_TRA_VINH', 3, 3),
  (174, 20, 'THIRD_TRA_VINH', 4, 4),
  (175, 20, 'FOURTH_TRA_VINH', 5, 5),
  (176, 20, 'FIFTH_TRA_VINH', 6, 6),
  (177, 20, 'SIXTH_TRA_VINH', 7, 7),
  (178, 20, 'SEVENTH_TRA_VINH', 8, 8),
  (179, 20, 'EIGHTH_TRA_VINH', 9, 9),
  -- LONG_AN
  (180, 21, 'SPECIAL_LONG_AN', 1, 1),
  (181, 21, 'FIRST_LONG_AN', 2, 2),
  (182, 21, 'SECOND_LONG_AN', 3, 3),
  (183, 21, 'THIRD_LONG_AN', 4, 4),
  (184, 21, 'FOURTH_LONG_AN', 5, 5),
  (185, 21, 'FIFTH_LONG_AN', 6, 6),
  (186, 21, 'SIXTH_LONG_AN', 7, 7),
  (187, 21, 'SEVENTH_LONG_AN', 8, 8),
  (188, 21, 'EIGHTH_LONG_AN', 9, 9),
  -- HAU_GIANG
  (189, 22, 'SPECIAL_HAU_GIANG', 1, 1),
  (190, 22, 'FIRST_HAU_GIANG', 2, 2),
  (191, 22, 'SECOND_HAU_GIANG', 3, 3),
  (192, 22, 'THIRD_HAU_GIANG', 4, 4),
  (193, 22, 'FOURTH_HAU_GIANG', 5, 5),
  (194, 22, 'FIFTH_HAU_GIANG', 6, 6),
  (195, 22, 'SIXTH_HAU_GIANG', 7, 7),
  (196, 22, 'SEVENTH_HAU_GIANG', 8, 8),
  (197, 22, 'EIGHTH_HAU_GIANG', 9, 9),
  -- BINH_PHUOC
  (198, 23, 'SPECIAL_BINH_PHUOC', 1, 1),
  (199, 23, 'FIRST_BINH_PHUOC', 2, 2),
  (200, 23, 'SECOND_BINH_PHUOC', 3, 3),
  (201, 23, 'THIRD_BINH_PHUOC', 4, 4),
  (202, 23, 'FOURTH_BINH_PHUOC', 5, 5),
  (203, 23, 'FIFTH_BINH_PHUOC', 6, 6),
  (204, 23, 'SIXTH_BINH_PHUOC', 7, 7),
  (205, 23, 'SEVENTH_BINH_PHUOC', 8, 8),
  (206, 23, 'EIGHTH_BINH_PHUOC', 9, 9),
  -- TIEN_GIANG
  (207, 24, 'SPECIAL_TIEN_GIANG', 1, 1),
  (208, 24, 'FIRST_TIEN_GIANG', 2, 2),
  (209, 24, 'SECOND_TIEN_GIANG', 3, 3),
  (210, 24, 'THIRD_TIEN_GIANG', 4, 4),
  (211, 24, 'FOURTH_TIEN_GIANG', 5, 5),
  (212, 24, 'FIFTH_TIEN_GIANG', 6, 6),
  (213, 24, 'SIXTH_TIEN_GIANG', 7, 7),
  (214, 24, 'SEVENTH_TIEN_GIANG', 8, 8),
  (215, 24, 'EIGHTH_TIEN_GIANG', 9, 9),
  -- KIEN_GIANG
  (216, 25, 'SPECIAL_KIEN_GIANG', 1, 1),
  (217, 25, 'FIRST_KIEN_GIANG', 2, 2),
  (218, 25, 'SECOND_KIEN_GIANG', 3, 3),
  (219, 25, 'THIRD_KIEN_GIANG', 4, 4),
  (220, 25, 'FOURTH_KIEN_GIANG', 5, 5),
  (221, 25, 'FIFTH_KIEN_GIANG', 6, 6),
  (222, 25, 'SIXTH_KIEN_GIANG', 7, 7),
  (223, 25, 'SEVENTH_KIEN_GIANG', 8, 8),
  (224, 25, 'EIGHTH_KIEN_GIANG', 9, 9),
  -- DA_LAT
  (225, 26, 'SPECIAL_DA_LAT', 1, 1),
  (226, 26, 'FIRST_DA_LAT', 2, 2),
  (227, 26, 'SECOND_DA_LAT', 3, 3),
  (228, 26, 'THIRD_DA_LAT', 4, 4),
  (229, 26, 'FOURTH_DA_LAT', 5, 5),
  (230, 26, 'FIFTH_DA_LAT', 6, 6),
  (231, 26, 'SIXTH_DA_LAT', 7, 7),
  (232, 26, 'SEVENTH_DA_LAT', 8, 8),
  (233, 26, 'EIGHTH_DA_LAT', 9, 9),
  -- TT_HUE
  (234, 27, 'SPECIAL_TT_HUE', 1, 1),
  (235, 27, 'FIRST_TT_HUE', 2, 2),
  (236, 27, 'SECOND_TT_HUE', 3, 3),
  (237, 27, 'THIRD_TT_HUE', 4, 4),
  (238, 27, 'FOURTH_TT_HUE', 5, 5),
  (239, 27, 'FIFTH_TT_HUE', 6, 6),
  (240, 27, 'SIXTH_TT_HUE', 7, 7),
  (241, 27, 'SEVENTH_TT_HUE', 8, 8),
  (242, 27, 'EIGHTH_TT_HUE', 9, 9),
  -- PHU_YEN
  (243, 28, 'SPECIAL_PHU_YEN', 1, 1),
  (244, 28, 'FIRST_PHU_YEN', 2, 2),
  (245, 28, 'SECOND_PHU_YEN', 3, 3),
  (246, 28, 'THIRD_PHU_YEN', 4, 4),
  (247, 28, 'FOURTH_PHU_YEN', 5, 5),
  (248, 28, 'FIFTH_PHU_YEN', 6, 6),
  (249, 28, 'SIXTH_PHU_YEN', 7, 7),
  (250, 28, 'SEVENTH_PHU_YEN', 8, 8),
  (251, 28, 'EIGHTH_PHU_YEN', 9, 9),
  -- DAK_LAK
  (252, 29, 'SPECIAL_DAK_LAK', 1, 1),
  (253, 29, 'FIRST_DAK_LAK', 2, 2),
  (254, 29, 'SECOND_DAK_LAK', 3, 3),
  (255, 29, 'THIRD_DAK_LAK', 4, 4),
  (256, 29, 'FOURTH_DAK_LAK', 5, 5),
  (257, 29, 'FIFTH_DAK_LAK', 6, 6),
  (258, 29, 'SIXTH_DAK_LAK', 7, 7),
  (259, 29, 'SEVENTH_DAK_LAK', 8, 8),
  (260, 29, 'EIGHTH_DAK_LAK', 9, 9),
  -- QUANG_NAM
  (261, 30, 'SPECIAL_QUANG_NAM', 1, 1),
  (262, 30, 'FIRST_QUANG_NAM', 2, 2),
  (263, 30, 'SECOND_QUANG_NAM', 3, 3),
  (264, 30, 'THIRD_QUANG_NAM', 4, 4),
  (265, 30, 'FOURTH_QUANG_NAM', 5, 5),
  (266, 30, 'FIFTH_QUANG_NAM', 6, 6),
  (267, 30, 'SIXTH_QUANG_NAM', 7, 7),
  (268, 30, 'SEVENTH_QUANG_NAM', 8, 8),
  (269, 30, 'EIGHTH_QUANG_NAM', 9, 9),
  -- DA_NANG
  (270, 31, 'SPECIAL_DA_NANG', 1, 1),
  (271, 31, 'FIRST_DA_NANG', 2, 2),
  (272, 31, 'SECOND_DA_NANG', 3, 3),
  (273, 31, 'THIRD_DA_NANG', 4, 4),
  (274, 31, 'FOURTH_DA_NANG', 5, 5),
  (275, 31, 'FIFTH_DA_NANG', 6, 6),
  (276, 31, 'SIXTH_DA_NANG', 7, 7),
  (277, 31, 'SEVENTH_DA_NANG', 8, 8),
  (278, 31, 'EIGHTH_DA_NANG', 9, 9),
  -- KHANH_HOA
  (279, 32, 'SPECIAL_KHANH_HOA', 1, 1),
  (280, 32, 'FIRST_KHANH_HOA', 2, 2),
  (281, 32, 'SECOND_KHANH_HOA', 3, 3),
  (282, 32, 'THIRD_KHANH_HOA', 4, 4),
  (283, 32, 'FOURTH_KHANH_HOA', 5, 5),
  (284, 32, 'FIFTH_KHANH_HOA', 6, 6),
  (285, 32, 'SIXTH_KHANH_HOA', 7, 7),
  (286, 32, 'SEVENTH_KHANH_HOA', 8, 8),
  (287, 32, 'EIGHTH_KHANH_HOA', 9, 9),
  -- BINH_DINH
  (288, 33, 'SPECIAL_BINH_DINH', 1, 1),
  (289, 33, 'FIRST_BINH_DINH', 2, 2),
  (290, 33, 'SECOND_BINH_DINH', 3, 3),
  (291, 33, 'THIRD_BINH_DINH', 4, 4),
  (292, 33, 'FOURTH_BINH_DINH', 5, 5),
  (293, 33, 'FIFTH_BINH_DINH', 6, 6),
  (294, 33, 'SIXTH_BINH_DINH', 7, 7),
  (295, 33, 'SEVENTH_BINH_DINH', 8, 8),
  (296, 33, 'EIGHTH_BINH_DINH', 9, 9),
  -- QUANG_TRI
  (297, 34, 'SPECIAL_QUANG_TRI', 1, 1),
  (298, 34, 'FIRST_QUANG_TRI', 2, 2),
  (299, 34, 'SECOND_QUANG_TRI', 3, 3),
  (300, 34, 'THIRD_QUANG_TRI', 4, 4),
  (301, 34, 'FOURTH_QUANG_TRI', 5, 5),
  (302, 34, 'FIFTH_QUANG_TRI', 6, 6),
  (303, 34, 'SIXTH_QUANG_TRI', 7, 7),
  (304, 34, 'SEVENTH_QUANG_TRI', 8, 8),
  (305, 34, 'EIGHTH_QUANG_TRI', 9, 9),
  -- QUANG_BINH
  (306, 35, 'SPECIAL_QUANG_BINH', 1, 1),
  (307, 35, 'FIRST_QUANG_BINH', 2, 2),
  (308, 35, 'SECOND_QUANG_BINH', 3, 3),
  (309, 35, 'THIRD_QUANG_BINH', 4, 4),
  (310, 35, 'FOURTH_QUANG_BINH', 5, 5),
  (311, 35, 'FIFTH_QUANG_BINH', 6, 6),
  (312, 35, 'SIXTH_QUANG_BINH', 7, 7),
  (313, 35, 'SEVENTH_QUANG_BINH', 8, 8),
  (314, 35, 'EIGHTH_QUANG_BINH', 9, 9),
  -- GIA_LAI
  (315, 36, 'SPECIAL_GIA_LAI', 1, 1),
  (316, 36, 'FIRST_GIA_LAI', 2, 2),
  (317, 36, 'SECOND_GIA_LAI', 3, 3),
  (318, 36, 'THIRD_GIA_LAI', 4, 4),
  (319, 36, 'FOURTH_GIA_LAI', 5, 5),
  (320, 36, 'FIFTH_GIA_LAI', 6, 6),
  (321, 36, 'SIXTH_GIA_LAI', 7, 7),
  (322, 36, 'SEVENTH_GIA_LAI', 8, 8),
  (323, 36, 'EIGHTH_GIA_LAI', 9, 9),
  -- NINH_THUAN
  (324, 37, 'SPECIAL_NINH_THUAN', 1, 1),
  (325, 37, 'FIRST_NINH_THUAN', 2, 2),
  (326, 37, 'SECOND_NINH_THUAN', 3, 3),
  (327, 37, 'THIRD_NINH_THUAN', 4, 4),
  (328, 37, 'FOURTH_NINH_THUAN', 5, 5),
  (329, 37, 'FIFTH_NINH_THUAN', 6, 6),
  (330, 37, 'SIXTH_NINH_THUAN', 7, 7),
  (331, 37, 'SEVENTH_NINH_THUAN', 8, 8),
  (332, 37, 'EIGHTH_NINH_THUAN', 9, 9),
  -- QUANG_NGAI
  (333, 38, 'SPECIAL_QUANG_NGAI', 1, 1),
  (334, 38, 'FIRST_QUANG_NGAI', 2, 2),
  (335, 38, 'SECOND_QUANG_NGAI', 3, 3),
  (336, 38, 'THIRD_QUANG_NGAI', 4, 4),
  (337, 38, 'FOURTH_QUANG_NGAI', 5, 5),
  (338, 38, 'FIFTH_QUANG_NGAI', 6, 6),
  (339, 38, 'SIXTH_QUANG_NGAI', 7, 7),
  (340, 38, 'SEVENTH_QUANG_NGAI', 8, 8),
  (341, 38, 'EIGHTH_QUANG_NGAI', 9, 9),
  -- DAC_NONG
  (342, 39, 'SPECIAL_DAC_NONG', 1, 1),
  (343, 39, 'FIRST_DAC_NONG', 2, 2),
  (344, 39, 'SECOND_DAC_NONG', 3, 3),
  (345, 39, 'THIRD_DAC_NONG', 4, 4),
  (346, 39, 'FOURTH_DAC_NONG', 5, 5),
  (347, 39, 'FIFTH_DAC_NONG', 6, 6),
  (348, 39, 'SIXTH_DAC_NONG', 7, 7),
  (349, 39, 'SEVENTH_DAC_NONG', 8, 8),
  (350, 39, 'EIGHTH_DAC_NONG', 9, 9),
  -- KON_TUM
  (351, 40, 'SPECIAL_KON_TUM', 1, 1),
  (352, 40, 'FIRST_KON_TUM', 2, 2),
  (353, 40, 'SECOND_KON_TUM', 3, 3),
  (354, 40, 'THIRD_KON_TUM', 4, 4),
  (355, 40, 'FOURTH_KON_TUM', 5, 5),
  (356, 40, 'FIFTH_KON_TUM', 6, 6),
  (357, 40, 'SIXTH_KON_TUM', 7, 7),
  (358, 40, 'SEVENTH_KON_TUM', 8, 8),
  (359, 40, 'EIGHTH_KON_TUM', 9, 9);

----------------------------------------------------------------------------------------------------

CREATE SEQUENCE IF NOT EXISTS lottery.lottery_schema_seq START 101;
DROP TABLE IF EXISTS lottery.lottery_schema;
CREATE TABLE IF NOT EXISTS lottery.lottery_schema (
  id                       INTEGER        NOT NULL DEFAULT nextval('lottery.lottery_schema_seq' :: REGCLASS),
  code                     VARCHAR(255)   NOT NULL UNIQUE,
  bet_item_size            INTEGER        NOT NULL DEFAULT 1,
  bet_no_length            INTEGER        NOT NULL,
  default_bet_unit_price   NUMERIC(15, 2) NOT NULL,
  default_win_unit_price   NUMERIC(15, 2) NOT NULL,
  default_max_bet_item     INTEGER,
  default_bet_item_max_amt NUMERIC(15, 2),
  default_max_payout       NUMERIC(15, 2),

  version                  BIGINT                  DEFAULT 0,
  created_date             TIMESTAMP               DEFAULT CURRENT_TIMESTAMP,
  last_modified_date       TIMESTAMP               DEFAULT CURRENT_TIMESTAMP,
  created_by               VARCHAR(255),
  last_modified_by         VARCHAR(255),

  PRIMARY KEY (id),
  CHECK (
      bet_item_size > 0
      AND bet_no_length > 0
      AND default_bet_unit_price > 0
      AND default_win_unit_price > 0
      AND default_max_bet_item > 0
      AND default_bet_item_max_amt > 0
      AND default_max_payout > 0
    )

);

INSERT INTO lottery.lottery_schema(id,
                                   code,
                                   bet_item_size,
                                   bet_no_length,
                                   default_bet_unit_price,
                                   default_win_unit_price,
                                   default_max_bet_item)
VALUES (1, 'LO_2_SO', 1, 2, 18000, 98000, 100),
       (2, 'LO_3_SO', 1, 3, 17000, 972500, 1000),
       (3, 'XIEN_2', 2, 2, 1000, 29000, 9900),
       (4, 'XIEN_3', 3, 2, 1000, 160000, 970200),
       (5, 'XIEN_4', 4, 2, 1000, 750000, 94109400),
       (6, 'DE_DAU', 1, 2, 1000, 98000, 100),
       (7, 'DE_DAC_BIET', 1, 2, 1000, 98000, 100),
       (8, 'DE_DAU_DUOI', 1, 2, 2000, 98000, 100),
       (9, 'DAU', 1, 1, 1000, 9800, 10),
       (10, 'DUOI', 1, 1, 1000, 9800, 10),
       (11, '3_CANG_DAU', 1, 3, 1000, 972500, 1000),
       (12, '3_CANG_DAC_BIET', 1, 3, 1000, 972500, 1000),
       (13, '3_CANG_DAU_DUOI', 1, 3, 2000, 972500, 1000);

----------------------------------------------------------------------------------------------------
CREATE TYPE lottery.LOTTERY_STATUS_ENUM AS ENUM ('ACTIVE', 'SUSPENDED');
CREATE SEQUENCE IF NOT EXISTS lottery.lottery_seq START 1001;
DROP TABLE IF EXISTS lottery.lottery;
CREATE TABLE IF NOT EXISTS lottery.lottery (
  id                 INTEGER                     NOT NULL DEFAULT nextval('lottery.lottery_seq' :: REGCLASS),
  code               VARCHAR(255)                NOT NULL UNIQUE,
  lottery_schema_id  INTEGER                     NOT NULL,
  scheduler_id       INTEGER                     NOT NULL,
  bet_unit_price     NUMERIC(15, 2),
  win_unit_price     NUMERIC(15, 2),
  max_bet_item       INTEGER,
  bet_item_max_amt   NUMERIC(15, 2),
  max_payout         NUMERIC(15, 2),
  status             lottery.LOTTERY_STATUS_ENUM NOT NULL DEFAULT 'ACTIVE' :: lottery.LOTTERY_STATUS_ENUM,

  version            BIGINT                               DEFAULT 0,
  created_date       TIMESTAMP                            DEFAULT CURRENT_TIMESTAMP,
  last_modified_date TIMESTAMP                            DEFAULT CURRENT_TIMESTAMP,
  created_by         VARCHAR(255),
  last_modified_by   VARCHAR(255),

  PRIMARY KEY (id),
  FOREIGN KEY (lottery_schema_id) REFERENCES lottery.lottery_schema(id),
  FOREIGN KEY (scheduler_id) REFERENCES lottery.scheduler(id),
  UNIQUE (scheduler_id, lottery_schema_id),
  CHECK (
      bet_unit_price > 0
      AND win_unit_price > 0
      AND max_bet_item > 0
      AND bet_item_max_amt > 0
      AND max_payout > 0
    )
);

INSERT INTO lottery.lottery(id, code, scheduler_id, lottery_schema_id)
VALUES (1, 'LO_2_SO-30S', 1, 1),
       (2, 'LO_3_SO-30S', 1, 2),
       (3, 'XIEN_2-30S', 1, 3),
       (4, 'XIEN_3-30S', 1, 4),
       (5, 'XIEN_4-30S', 1, 5),
       (6, 'DE_DAU-30S', 1, 6),
       (7, 'DE_DAC_BIET-30S', 1, 7),
       (8, 'DE_DAU_DUOI-30S', 1, 8),
       (9, 'DAU-30S', 1, 9),
       (10, 'DUOI-30S', 1, 10),
       (11, '3_CANG_DAU-30S', 1, 11),
       (12, '3_CANG_DAC_BIET-30S', 1, 12),
       (13, '3_CANG_DAU_DUOI-30S', 1, 13),
       (14, 'LO_2_SO-60S', 2, 1),
       (15, 'LO_3_SO-60S', 2, 2),
       (16, 'XIEN_2-60S', 2, 3),
       (17, 'XIEN_3-60S', 2, 4),
       (18, 'XIEN_4-60S', 2, 5),
       (19, 'DE_DAU-60S', 2, 6),
       (20, 'DE_DAC_BIET-60S', 2, 7),
       (21, 'DE_DAU_DUOI-60S', 2, 8),
       (22, 'DAU-60S', 2, 9),
       (23, 'DUOI-60S', 2, 10),
       (24, '3_CANG_DAU-60S', 2, 11),
       (25, '3_CANG_DAC_BIET-60S', 2, 12),
       (26, '3_CANG_DAU_DUOI-60S', 2, 13),
       (27, 'LO_2_SO-120S', 3, 1),
       (28, 'LO_3_SO-120S', 3, 2),
       (29, 'XIEN_2-120S', 3, 3),
       (30, 'XIEN_3-120S', 3, 4),
       (31, 'XIEN_4-120S', 3, 5),
       (32, 'DE_DAU-120S', 3, 6),
       (33, 'DE_DAC_BIET-120S', 3, 7),
       (34, 'DE_DAU_DUOI-120S', 3, 8),
       (35, 'DAU-120S', 3, 9),
       (36, 'DUOI-120S', 3, 10),
       (37, '3_CANG_DAU-120S', 3, 11),
       (38, '3_CANG_DAC_BIET-120S', 3, 12),
       (39, '3_CANG_DAU_DUOI-120S', 3, 13),
       (40, 'LO_2_SO-300S', 4, 1),
       (41, 'LO_3_SO-300S', 4, 2),
       (42, 'XIEN_2-300S', 4, 3),
       (43, 'XIEN_3-300S', 4, 4),
       (44, 'XIEN_4-300S', 4, 5),
       (45, 'DE_DAU-300S', 4, 6),
       (46, 'DE_DAC_BIET-300S', 4, 7),
       (47, 'DE_DAU_DUOI-300S', 4, 8),
       (48, 'DAU-300S', 4, 9),
       (49, 'DUOI-300S', 4, 10),
       (50, '3_CANG_DAU-300S', 4, 11),
       (51, '3_CANG_DAC_BIET-300S', 4, 12),
       (52, '3_CANG_DAU_DUOI-300S', 4, 13),
       (53, 'LO_2_SO-HCM', 6, 1),
       (54, 'LO_3_SO-HCM', 6, 2),
       (55, 'XIEN_2-HCM', 6, 3),
       (56, 'XIEN_3-HCM', 6, 4),
       (57, 'XIEN_4-HCM', 6, 5),
       (58, 'DE_DAU-HCM', 6, 6),
       (59, 'DE_DAC_BIET-HCM', 6, 7),
       (60, 'DE_DAU_DUOI-HCM', 6, 8),
       (61, 'DAU-HCM', 6, 9),
       (62, 'DUOI-HCM', 6, 10),
       (63, '3_CANG_DAU-HCM', 6, 11),
       (64, '3_CANG_DAC_BIET-HCM', 6, 12),
       (65, '3_CANG_DAU_DUOI-HCM', 6, 13),
       (66, 'LO_2_SO-DONG_THAP', 7, 1),
       (67, 'LO_3_SO-DONG_THAP', 7, 2),
       (68, 'XIEN_2-DONG_THAP', 7, 3),
       (69, 'XIEN_3-DONG_THAP', 7, 4),
       (70, 'XIEN_4-DONG_THAP', 7, 5),
       (71, 'DE_DAU-DONG_THAP', 7, 6),
       (72, 'DE_DAC_BIET-DONG_THAP', 7, 7),
       (73, 'DE_DAU_DUOI-DONG_THAP', 7, 8),
       (74, 'DAU-DONG_THAP', 7, 9),
       (75, 'DUOI-DONG_THAP', 7, 10),
       (76, '3_CANG_DAU-DONG_THAP', 7, 11),
       (77, '3_CANG_DAC_BIET-DONG_THAP', 7, 12),
       (78, '3_CANG_DAU_DUOI-DONG_THAP', 7, 13),
       (79, 'LO_2_SO-CA_MAU', 8, 1),
       (80, 'LO_3_SO-CA_MAU', 8, 2),
       (81, 'XIEN_2-CA_MAU', 8, 3),
       (82, 'XIEN_3-CA_MAU', 8, 4),
       (83, 'XIEN_4-CA_MAU', 8, 5),
       (84, 'DE_DAU-CA_MAU', 8, 6),
       (85, 'DE_DAC_BIET-CA_MAU', 8, 7),
       (86, 'DE_DAU_DUOI-CA_MAU', 8, 8),
       (87, 'DAU-CA_MAU', 8, 9),
       (88, 'DUOI-CA_MAU', 8, 10),
       (89, '3_CANG_DAU-CA_MAU', 8, 11),
       (90, '3_CANG_DAC_BIET-CA_MAU', 8, 12),
       (91, '3_CANG_DAU_DUOI-CA_MAU', 8, 13),
       (92, 'LO_2_SO-BEN_TRE', 9, 1),
       (93, 'LO_3_SO-BEN_TRE', 9, 2),
       (94, 'XIEN_2-BEN_TRE', 9, 3),
       (95, 'XIEN_3-BEN_TRE', 9, 4),
       (96, 'XIEN_4-BEN_TRE', 9, 5),
       (97, 'DE_DAU-BEN_TRE', 9, 6),
       (98, 'DE_DAC_BIET-BEN_TRE', 9, 7),
       (99, 'DE_DAU_DUOI-BEN_TRE', 9, 8),
       (100, 'DAU-BEN_TRE', 9, 9),
       (101, 'DUOI-BEN_TRE', 9, 10),
       (102, '3_CANG_DAU-BEN_TRE', 9, 11),
       (103, '3_CANG_DAC_BIET-BEN_TRE', 9, 12),
       (104, '3_CANG_DAU_DUOI-BEN_TRE', 9, 13),
       (105, 'LO_2_SO-VUNG_TAU', 10, 1),
       (106, 'LO_3_SO-VUNG_TAU', 10, 2),
       (107, 'XIEN_2-VUNG_TAU', 10, 3),
       (108, 'XIEN_3-VUNG_TAU', 10, 4),
       (109, 'XIEN_4-VUNG_TAU', 10, 5),
       (110, 'DE_DAU-VUNG_TAU', 10, 6),
       (111, 'DE_DAC_BIET-VUNG_TAU', 10, 7),
       (112, 'DE_DAU_DUOI-VUNG_TAU', 10, 8),
       (113, 'DAU-VUNG_TAU', 10, 9),
       (114, 'DUOI-VUNG_TAU', 10, 10),
       (115, '3_CANG_DAU-VUNG_TAU', 10, 11),
       (116, '3_CANG_DAC_BIET-VUNG_TAU', 10, 12),
       (117, '3_CANG_DAU_DUOI-VUNG_TAU', 10, 13),
       (118, 'LO_2_SO-BAC_LIEU', 11, 1),
       (119, 'LO_3_SO-BAC_LIEU', 11, 2),
       (120, 'XIEN_2-BAC_LIEU', 11, 3),
       (121, 'XIEN_3-BAC_LIEU', 11, 4),
       (122, 'XIEN_4-BAC_LIEU', 11, 5),
       (123, 'DE_DAU-BAC_LIEU', 11, 6),
       (124, 'DE_DAC_BIET-BAC_LIEU', 11, 7),
       (125, 'DE_DAU_DUOI-BAC_LIEU', 11, 8),
       (126, 'DAU-BAC_LIEU', 11, 9),
       (127, 'DUOI-BAC_LIEU', 11, 10),
       (128, '3_CANG_DAU-BAC_LIEU', 11, 11),
       (129, '3_CANG_DAC_BIET-BAC_LIEU', 11, 12),
       (130, '3_CANG_DAU_DUOI-BAC_LIEU', 11, 13),
       (131, 'LO_2_SO-DONG_NAI', 12, 1),
       (132, 'LO_3_SO-DONG_NAI', 12, 2),
       (133, 'XIEN_2-DONG_NAI', 12, 3),
       (134, 'XIEN_3-DONG_NAI', 12, 4),
       (135, 'XIEN_4-DONG_NAI', 12, 5),
       (136, 'DE_DAU-DONG_NAI', 12, 6),
       (137, 'DE_DAC_BIET-DONG_NAI', 12, 7),
       (138, 'DE_DAU_DUOI-DONG_NAI', 12, 8),
       (139, 'DAU-DONG_NAI', 12, 9),
       (140, 'DUOI-DONG_NAI', 12, 10),
       (141, '3_CANG_DAU-DONG_NAI', 12, 11),
       (142, '3_CANG_DAC_BIET-DONG_NAI', 12, 12),
       (143, '3_CANG_DAU_DUOI-DONG_NAI', 12, 13),
       (144, 'LO_2_SO-CAN_THO', 13, 1),
       (145, 'LO_3_SO-CAN_THO', 13, 2),
       (146, 'XIEN_2-CAN_THO', 13, 3),
       (147, 'XIEN_3-CAN_THO', 13, 4),
       (148, 'XIEN_4-CAN_THO', 13, 5),
       (149, 'DE_DAU-CAN_THO', 13, 6),
       (150, 'DE_DAC_BIET-CAN_THO', 13, 7),
       (151, 'DE_DAU_DUOI-CAN_THO', 13, 8),
       (152, 'DAU-CAN_THO', 13, 9),
       (153, 'DUOI-CAN_THO', 13, 10),
       (154, '3_CANG_DAU-CAN_THO', 13, 11),
       (155, '3_CANG_DAC_BIET-CAN_THO', 13, 12),
       (156, '3_CANG_DAU_DUOI-CAN_THO', 13, 13),
       (157, 'LO_2_SO-SOC_TRANG', 14, 1),
       (158, 'LO_3_SO-SOC_TRANG', 14, 2),
       (159, 'XIEN_2-SOC_TRANG', 14, 3),
       (160, 'XIEN_3-SOC_TRANG', 14, 4),
       (161, 'XIEN_4-SOC_TRANG', 14, 5),
       (162, 'DE_DAU-SOC_TRANG', 14, 6),
       (163, 'DE_DAC_BIET-SOC_TRANG', 14, 7),
       (164, 'DE_DAU_DUOI-SOC_TRANG', 14, 8),
       (165, 'DAU-SOC_TRANG', 14, 9),
       (166, 'DUOI-SOC_TRANG', 14, 10),
       (167, '3_CANG_DAU-SOC_TRANG', 14, 11),
       (168, '3_CANG_DAC_BIET-SOC_TRANG', 14, 12),
       (169, '3_CANG_DAU_DUOI-SOC_TRANG', 14, 13),
       (170, 'LO_2_SO-TAY_NINH', 15, 1),
       (171, 'LO_3_SO-TAY_NINH', 15, 2),
       (172, 'XIEN_2-TAY_NINH', 15, 3),
       (173, 'XIEN_3-TAY_NINH', 15, 4),
       (174, 'XIEN_4-TAY_NINH', 15, 5),
       (175, 'DE_DAU-TAY_NINH', 15, 6),
       (176, 'DE_DAC_BIET-TAY_NINH', 15, 7),
       (177, 'DE_DAU_DUOI-TAY_NINH', 15, 8),
       (178, 'DAU-TAY_NINH', 15, 9),
       (179, 'DUOI-TAY_NINH', 15, 10),
       (180, '3_CANG_DAU-TAY_NINH', 15, 11),
       (181, '3_CANG_DAC_BIET-TAY_NINH', 15, 12),
       (182, '3_CANG_DAU_DUOI-TAY_NINH', 15, 13),
       (183, 'LO_2_SO-AN_GIANG', 16, 1),
       (184, 'LO_3_SO-AN_GIANG', 16, 2),
       (185, 'XIEN_2-AN_GIANG', 16, 3),
       (186, 'XIEN_3-AN_GIANG', 16, 4),
       (187, 'XIEN_4-AN_GIANG', 16, 5),
       (188, 'DE_DAU-AN_GIANG', 16, 6),
       (189, 'DE_DAC_BIET-AN_GIANG', 16, 7),
       (190, 'DE_DAU_DUOI-AN_GIANG', 16, 8),
       (191, 'DAU-AN_GIANG', 16, 9),
       (192, 'DUOI-AN_GIANG', 16, 10),
       (193, '3_CANG_DAU-AN_GIANG', 16, 11),
       (194, '3_CANG_DAC_BIET-AN_GIANG', 16, 12),
       (195, '3_CANG_DAU_DUOI-AN_GIANG', 16, 13),
       (196, 'LO_2_SO-BINH_THUAN', 17, 1),
       (197, 'LO_3_SO-BINH_THUAN', 17, 2),
       (198, 'XIEN_2-BINH_THUAN', 17, 3),
       (199, 'XIEN_3-BINH_THUAN', 17, 4),
       (200, 'XIEN_4-BINH_THUAN', 17, 5),
       (201, 'DE_DAU-BINH_THUAN', 17, 6),
       (202, 'DE_DAC_BIET-BINH_THUAN', 17, 7),
       (203, 'DE_DAU_DUOI-BINH_THUAN', 17, 8),
       (204, 'DAU-BINH_THUAN', 17, 9),
       (205, 'DUOI-BINH_THUAN', 17, 10),
       (206, '3_CANG_DAU-BINH_THUAN', 17, 11),
       (207, '3_CANG_DAC_BIET-BINH_THUAN', 17, 12),
       (208, '3_CANG_DAU_DUOI-BINH_THUAN', 17, 13),
       (209, 'LO_2_SO-VINH_LONG', 18, 1),
       (210, 'LO_3_SO-VINH_LONG', 18, 2),
       (211, 'XIEN_2-VINH_LONG', 18, 3),
       (212, 'XIEN_3-VINH_LONG', 18, 4),
       (213, 'XIEN_4-VINH_LONG', 18, 5),
       (214, 'DE_DAU-VINH_LONG', 18, 6),
       (215, 'DE_DAC_BIET-VINH_LONG', 18, 7),
       (216, 'DE_DAU_DUOI-VINH_LONG', 18, 8),
       (217, 'DAU-VINH_LONG', 18, 9),
       (218, 'DUOI-VINH_LONG', 18, 10),
       (219, '3_CANG_DAU-VINH_LONG', 18, 11),
       (220, '3_CANG_DAC_BIET-VINH_LONG', 18, 12),
       (221, '3_CANG_DAU_DUOI-VINH_LONG', 18, 13),
       (222, 'LO_2_SO-BINH_DUONG', 19, 1),
       (223, 'LO_3_SO-BINH_DUONG', 19, 2),
       (224, 'XIEN_2-BINH_DUONG', 19, 3),
       (225, 'XIEN_3-BINH_DUONG', 19, 4),
       (226, 'XIEN_4-BINH_DUONG', 19, 5),
       (227, 'DE_DAU-BINH_DUONG', 19, 6),
       (228, 'DE_DAC_BIET-BINH_DUONG', 19, 7),
       (229, 'DE_DAU_DUOI-BINH_DUONG', 19, 8),
       (230, 'DAU-BINH_DUONG', 19, 9),
       (231, 'DUOI-BINH_DUONG', 19, 10),
       (232, '3_CANG_DAU-BINH_DUONG', 19, 11),
       (233, '3_CANG_DAC_BIET-BINH_DUONG', 19, 12),
       (234, '3_CANG_DAU_DUOI-BINH_DUONG', 19, 13),
       (235, 'LO_2_SO-TRA_VINH', 20, 1),
       (236, 'LO_3_SO-TRA_VINH', 20, 2),
       (237, 'XIEN_2-TRA_VINH', 20, 3),
       (238, 'XIEN_3-TRA_VINH', 20, 4),
       (239, 'XIEN_4-TRA_VINH', 20, 5),
       (240, 'DE_DAU-TRA_VINH', 20, 6),
       (241, 'DE_DAC_BIET-TRA_VINH', 20, 7),
       (242, 'DE_DAU_DUOI-TRA_VINH', 20, 8),
       (243, 'DAU-TRA_VINH', 20, 9),
       (244, 'DUOI-TRA_VINH', 20, 10),
       (245, '3_CANG_DAU-TRA_VINH', 20, 11),
       (246, '3_CANG_DAC_BIET-TRA_VINH', 20, 12),
       (247, '3_CANG_DAU_DUOI-TRA_VINH', 20, 13),
       (248, 'LO_2_SO-LONG_AN', 21, 1),
       (249, 'LO_3_SO-LONG_AN', 21, 2),
       (250, 'XIEN_2-LONG_AN', 21, 3),
       (251, 'XIEN_3-LONG_AN', 21, 4),
       (252, 'XIEN_4-LONG_AN', 21, 5),
       (253, 'DE_DAU-LONG_AN', 21, 6),
       (254, 'DE_DAC_BIET-LONG_AN', 21, 7),
       (255, 'DE_DAU_DUOI-LONG_AN', 21, 8),
       (256, 'DAU-LONG_AN', 21, 9),
       (257, 'DUOI-LONG_AN', 21, 10),
       (258, '3_CANG_DAU-LONG_AN', 21, 11),
       (259, '3_CANG_DAC_BIET-LONG_AN', 21, 12),
       (260, '3_CANG_DAU_DUOI-LONG_AN', 21, 13),
       (261, 'LO_2_SO-HAU_GIANG', 22, 1),
       (262, 'LO_3_SO-HAU_GIANG', 22, 2),
       (263, 'XIEN_2-HAU_GIANG', 22, 3),
       (264, 'XIEN_3-HAU_GIANG', 22, 4),
       (265, 'XIEN_4-HAU_GIANG', 22, 5),
       (266, 'DE_DAU-HAU_GIANG', 22, 6),
       (267, 'DE_DAC_BIET-HAU_GIANG', 22, 7),
       (268, 'DE_DAU_DUOI-HAU_GIANG', 22, 8),
       (269, 'DAU-HAU_GIANG', 22, 9),
       (270, 'DUOI-HAU_GIANG', 22, 10),
       (271, '3_CANG_DAU-HAU_GIANG', 22, 11),
       (272, '3_CANG_DAC_BIET-HAU_GIANG', 22, 12),
       (273, '3_CANG_DAU_DUOI-HAU_GIANG', 22, 13),
       (274, 'LO_2_SO-BINH_PHUOC', 23, 1),
       (275, 'LO_3_SO-BINH_PHUOC', 23, 2),
       (276, 'XIEN_2-BINH_PHUOC', 23, 3),
       (277, 'XIEN_3-BINH_PHUOC', 23, 4),
       (278, 'XIEN_4-BINH_PHUOC', 23, 5),
       (279, 'DE_DAU-BINH_PHUOC', 23, 6),
       (280, 'DE_DAC_BIET-BINH_PHUOC', 23, 7),
       (281, 'DE_DAU_DUOI-BINH_PHUOC', 23, 8),
       (282, 'DAU-BINH_PHUOC', 23, 9),
       (283, 'DUOI-BINH_PHUOC', 23, 10),
       (284, '3_CANG_DAU-BINH_PHUOC', 23, 11),
       (285, '3_CANG_DAC_BIET-BINH_PHUOC', 23, 12),
       (286, '3_CANG_DAU_DUOI-BINH_PHUOC', 23, 13),
       (287, 'LO_2_SO-TIEN_GIANG', 24, 1),
       (288, 'LO_3_SO-TIEN_GIANG', 24, 2),
       (289, 'XIEN_2-TIEN_GIANG', 24, 3),
       (290, 'XIEN_3-TIEN_GIANG', 24, 4),
       (291, 'XIEN_4-TIEN_GIANG', 24, 5),
       (292, 'DE_DAU-TIEN_GIANG', 24, 6),
       (293, 'DE_DAC_BIET-TIEN_GIANG', 24, 7),
       (294, 'DE_DAU_DUOI-TIEN_GIANG', 24, 8),
       (295, 'DAU-TIEN_GIANG', 24, 9),
       (296, 'DUOI-TIEN_GIANG', 24, 10),
       (297, '3_CANG_DAU-TIEN_GIANG', 24, 11),
       (298, '3_CANG_DAC_BIET-TIEN_GIANG', 24, 12),
       (299, '3_CANG_DAU_DUOI-TIEN_GIANG', 24, 13),
       (300, 'LO_2_SO-KIEN_GIANG', 25, 1),
       (301, 'LO_3_SO-KIEN_GIANG', 25, 2),
       (302, 'XIEN_2-KIEN_GIANG', 25, 3),
       (303, 'XIEN_3-KIEN_GIANG', 25, 4),
       (304, 'XIEN_4-KIEN_GIANG', 25, 5),
       (305, 'DE_DAU-KIEN_GIANG', 25, 6),
       (306, 'DE_DAC_BIET-KIEN_GIANG', 25, 7),
       (307, 'DE_DAU_DUOI-KIEN_GIANG', 25, 8),
       (308, 'DAU-KIEN_GIANG', 25, 9),
       (309, 'DUOI-KIEN_GIANG', 25, 10),
       (310, '3_CANG_DAU-KIEN_GIANG', 25, 11),
       (311, '3_CANG_DAC_BIET-KIEN_GIANG', 25, 12),
       (312, '3_CANG_DAU_DUOI-KIEN_GIANG', 25, 13),
       (313, 'LO_2_SO-DA_LAT', 26, 1),
       (314, 'LO_3_SO-DA_LAT', 26, 2),
       (315, 'XIEN_2-DA_LAT', 26, 3),
       (316, 'XIEN_3-DA_LAT', 26, 4),
       (317, 'XIEN_4-DA_LAT', 26, 5),
       (318, 'DE_DAU-DA_LAT', 26, 6),
       (319, 'DE_DAC_BIET-DA_LAT', 26, 7),
       (320, 'DE_DAU_DUOI-DA_LAT', 26, 8),
       (321, 'DAU-DA_LAT', 26, 9),
       (322, 'DUOI-DA_LAT', 26, 10),
       (323, '3_CANG_DAU-DA_LAT', 26, 11),
       (324, '3_CANG_DAC_BIET-DA_LAT', 26, 12),
       (325, '3_CANG_DAU_DUOI-DA_LAT', 26, 13),
       (326, 'LO_2_SO-TT_HUE', 27, 1),
       (327, 'LO_3_SO-TT_HUE', 27, 2),
       (328, 'XIEN_2-TT_HUE', 27, 3),
       (329, 'XIEN_3-TT_HUE', 27, 4),
       (330, 'XIEN_4-TT_HUE', 27, 5),
       (331, 'DE_DAU-TT_HUE', 27, 6),
       (332, 'DE_DAC_BIET-TT_HUE', 27, 7),
       (333, 'DE_DAU_DUOI-TT_HUE', 27, 8),
       (334, 'DAU-TT_HUE', 27, 9),
       (335, 'DUOI-TT_HUE', 27, 10),
       (336, '3_CANG_DAU-TT_HUE', 27, 11),
       (337, '3_CANG_DAC_BIET-TT_HUE', 27, 12),
       (338, '3_CANG_DAU_DUOI-TT_HUE', 27, 13),
       (339, 'LO_2_SO-PHU_YEN', 28, 1),
       (340, 'LO_3_SO-PHU_YEN', 28, 2),
       (341, 'XIEN_2-PHU_YEN', 28, 3),
       (342, 'XIEN_3-PHU_YEN', 28, 4),
       (343, 'XIEN_4-PHU_YEN', 28, 5),
       (344, 'DE_DAU-PHU_YEN', 28, 6),
       (345, 'DE_DAC_BIET-PHU_YEN', 28, 7),
       (346, 'DE_DAU_DUOI-PHU_YEN', 28, 8),
       (347, 'DAU-PHU_YEN', 28, 9),
       (348, 'DUOI-PHU_YEN', 28, 10),
       (349, '3_CANG_DAU-PHU_YEN', 28, 11),
       (350, '3_CANG_DAC_BIET-PHU_YEN', 28, 12),
       (351, '3_CANG_DAU_DUOI-PHU_YEN', 28, 13),
       (352, 'LO_2_SO-DAK_LAK', 29, 1),
       (353, 'LO_3_SO-DAK_LAK', 29, 2),
       (354, 'XIEN_2-DAK_LAK', 29, 3),
       (355, 'XIEN_3-DAK_LAK', 29, 4),
       (356, 'XIEN_4-DAK_LAK', 29, 5),
       (357, 'DE_DAU-DAK_LAK', 29, 6),
       (358, 'DE_DAC_BIET-DAK_LAK', 29, 7),
       (359, 'DE_DAU_DUOI-DAK_LAK', 29, 8),
       (360, 'DAU-DAK_LAK', 29, 9),
       (361, 'DUOI-DAK_LAK', 29, 10),
       (362, '3_CANG_DAU-DAK_LAK', 29, 11),
       (363, '3_CANG_DAC_BIET-DAK_LAK', 29, 12),
       (364, '3_CANG_DAU_DUOI-DAK_LAK', 29, 13),
       (365, 'LO_2_SO-QUANG_NAM', 30, 1),
       (366, 'LO_3_SO-QUANG_NAM', 30, 2),
       (367, 'XIEN_2-QUANG_NAM', 30, 3),
       (368, 'XIEN_3-QUANG_NAM', 30, 4),
       (369, 'XIEN_4-QUANG_NAM', 30, 5),
       (370, 'DE_DAU-QUANG_NAM', 30, 6),
       (371, 'DE_DAC_BIET-QUANG_NAM', 30, 7),
       (372, 'DE_DAU_DUOI-QUANG_NAM', 30, 8),
       (373, 'DAU-QUANG_NAM', 30, 9),
       (374, 'DUOI-QUANG_NAM', 30, 10),
       (375, '3_CANG_DAU-QUANG_NAM', 30, 11),
       (376, '3_CANG_DAC_BIET-QUANG_NAM', 30, 12),
       (377, '3_CANG_DAU_DUOI-QUANG_NAM', 30, 13),
       (378, 'LO_2_SO-DA_NANG', 31, 1),
       (379, 'LO_3_SO-DA_NANG', 31, 2),
       (380, 'XIEN_2-DA_NANG', 31, 3),
       (381, 'XIEN_3-DA_NANG', 31, 4),
       (382, 'XIEN_4-DA_NANG', 31, 5),
       (383, 'DE_DAU-DA_NANG', 31, 6),
       (384, 'DE_DAC_BIET-DA_NANG', 31, 7),
       (385, 'DE_DAU_DUOI-DA_NANG', 31, 8),
       (386, 'DAU-DA_NANG', 31, 9),
       (387, 'DUOI-DA_NANG', 31, 10),
       (388, '3_CANG_DAU-DA_NANG', 31, 11),
       (389, '3_CANG_DAC_BIET-DA_NANG', 31, 12),
       (390, '3_CANG_DAU_DUOI-DA_NANG', 31, 13),
       (391, 'LO_2_SO-KHANH_HOA', 32, 1),
       (392, 'LO_3_SO-KHANH_HOA', 32, 2),
       (393, 'XIEN_2-KHANH_HOA', 32, 3),
       (394, 'XIEN_3-KHANH_HOA', 32, 4),
       (395, 'XIEN_4-KHANH_HOA', 32, 5),
       (396, 'DE_DAU-KHANH_HOA', 32, 6),
       (397, 'DE_DAC_BIET-KHANH_HOA', 32, 7),
       (398, 'DE_DAU_DUOI-KHANH_HOA', 32, 8),
       (399, 'DAU-KHANH_HOA', 32, 9),
       (400, 'DUOI-KHANH_HOA', 32, 10),
       (401, '3_CANG_DAU-KHANH_HOA', 32, 11),
       (402, '3_CANG_DAC_BIET-KHANH_HOA', 32, 12),
       (403, '3_CANG_DAU_DUOI-KHANH_HOA', 32, 13),
       (404, 'LO_2_SO-BINH_DINH', 33, 1),
       (405, 'LO_3_SO-BINH_DINH', 33, 2),
       (406, 'XIEN_2-BINH_DINH', 33, 3),
       (407, 'XIEN_3-BINH_DINH', 33, 4),
       (408, 'XIEN_4-BINH_DINH', 33, 5),
       (409, 'DE_DAU-BINH_DINH', 33, 6),
       (410, 'DE_DAC_BIET-BINH_DINH', 33, 7),
       (411, 'DE_DAU_DUOI-BINH_DINH', 33, 8),
       (412, 'DAU-BINH_DINH', 33, 9),
       (413, 'DUOI-BINH_DINH', 33, 10),
       (414, '3_CANG_DAU-BINH_DINH', 33, 11),
       (415, '3_CANG_DAC_BIET-BINH_DINH', 33, 12),
       (416, '3_CANG_DAU_DUOI-BINH_DINH', 33, 13),
       (417, 'LO_2_SO-QUANG_TRI', 34, 1),
       (418, 'LO_3_SO-QUANG_TRI', 34, 2),
       (419, 'XIEN_2-QUANG_TRI', 34, 3),
       (420, 'XIEN_3-QUANG_TRI', 34, 4),
       (421, 'XIEN_4-QUANG_TRI', 34, 5),
       (422, 'DE_DAU-QUANG_TRI', 34, 6),
       (423, 'DE_DAC_BIET-QUANG_TRI', 34, 7),
       (424, 'DE_DAU_DUOI-QUANG_TRI', 34, 8),
       (425, 'DAU-QUANG_TRI', 34, 9),
       (426, 'DUOI-QUANG_TRI', 34, 10),
       (427, '3_CANG_DAU-QUANG_TRI', 34, 11),
       (428, '3_CANG_DAC_BIET-QUANG_TRI', 34, 12),
       (429, '3_CANG_DAU_DUOI-QUANG_TRI', 34, 13),
       (430, 'LO_2_SO-QUANG_BINH', 35, 1),
       (431, 'LO_3_SO-QUANG_BINH', 35, 2),
       (432, 'XIEN_2-QUANG_BINH', 35, 3),
       (433, 'XIEN_3-QUANG_BINH', 35, 4),
       (434, 'XIEN_4-QUANG_BINH', 35, 5),
       (435, 'DE_DAU-QUANG_BINH', 35, 6),
       (436, 'DE_DAC_BIET-QUANG_BINH', 35, 7),
       (437, 'DE_DAU_DUOI-QUANG_BINH', 35, 8),
       (438, 'DAU-QUANG_BINH', 35, 9),
       (439, 'DUOI-QUANG_BINH', 35, 10),
       (440, '3_CANG_DAU-QUANG_BINH', 35, 11),
       (441, '3_CANG_DAC_BIET-QUANG_BINH', 35, 12),
       (442, '3_CANG_DAU_DUOI-QUANG_BINH', 35, 13),
       (443, 'LO_2_SO-GIA_LAI', 36, 1),
       (444, 'LO_3_SO-GIA_LAI', 36, 2),
       (445, 'XIEN_2-GIA_LAI', 36, 3),
       (446, 'XIEN_3-GIA_LAI', 36, 4),
       (447, 'XIEN_4-GIA_LAI', 36, 5),
       (448, 'DE_DAU-GIA_LAI', 36, 6),
       (449, 'DE_DAC_BIET-GIA_LAI', 36, 7),
       (450, 'DE_DAU_DUOI-GIA_LAI', 36, 8),
       (451, 'DAU-GIA_LAI', 36, 9),
       (452, 'DUOI-GIA_LAI', 36, 10),
       (453, '3_CANG_DAU-GIA_LAI', 36, 11),
       (454, '3_CANG_DAC_BIET-GIA_LAI', 36, 12),
       (455, '3_CANG_DAU_DUOI-GIA_LAI', 36, 13),
       (456, 'LO_2_SO-NINH_THUAN', 37, 1),
       (457, 'LO_3_SO-NINH_THUAN', 37, 2),
       (458, 'XIEN_2-NINH_THUAN', 37, 3),
       (459, 'XIEN_3-NINH_THUAN', 37, 4),
       (460, 'XIEN_4-NINH_THUAN', 37, 5),
       (461, 'DE_DAU-NINH_THUAN', 37, 6),
       (462, 'DE_DAC_BIET-NINH_THUAN', 37, 7),
       (463, 'DE_DAU_DUOI-NINH_THUAN', 37, 8),
       (464, 'DAU-NINH_THUAN', 37, 9),
       (465, 'DUOI-NINH_THUAN', 37, 10),
       (466, '3_CANG_DAU-NINH_THUAN', 37, 11),
       (467, '3_CANG_DAC_BIET-NINH_THUAN', 37, 12),
       (468, '3_CANG_DAU_DUOI-NINH_THUAN', 37, 13),
       (469, 'LO_2_SO-QUANG_NGAI', 38, 1),
       (470, 'LO_3_SO-QUANG_NGAI', 38, 2),
       (471, 'XIEN_2-QUANG_NGAI', 38, 3),
       (472, 'XIEN_3-QUANG_NGAI', 38, 4),
       (473, 'XIEN_4-QUANG_NGAI', 38, 5),
       (474, 'DE_DAU-QUANG_NGAI', 38, 6),
       (475, 'DE_DAC_BIET-QUANG_NGAI', 38, 7),
       (476, 'DE_DAU_DUOI-QUANG_NGAI', 38, 8),
       (477, 'DAU-QUANG_NGAI', 38, 9),
       (478, 'DUOI-QUANG_NGAI', 38, 10),
       (479, '3_CANG_DAU-QUANG_NGAI', 38, 11),
       (480, '3_CANG_DAC_BIET-QUANG_NGAI', 38, 12),
       (481, '3_CANG_DAU_DUOI-QUANG_NGAI', 38, 13),
       (482, 'LO_2_SO-DAC_NONG', 39, 1),
       (483, 'LO_3_SO-DAC_NONG', 39, 2),
       (484, 'XIEN_2-DAC_NONG', 39, 3),
       (485, 'XIEN_3-DAC_NONG', 39, 4),
       (486, 'XIEN_4-DAC_NONG', 39, 5),
       (487, 'DE_DAU-DAC_NONG', 39, 6),
       (488, 'DE_DAC_BIET-DAC_NONG', 39, 7),
       (489, 'DE_DAU_DUOI-DAC_NONG', 39, 8),
       (490, 'DAU-DAC_NONG', 39, 9),
       (491, 'DUOI-DAC_NONG', 39, 10),
       (492, '3_CANG_DAU-DAC_NONG', 39, 11),
       (493, '3_CANG_DAC_BIET-DAC_NONG', 39, 12),
       (494, '3_CANG_DAU_DUOI-DAC_NONG', 39, 13),
       (495, 'LO_2_SO-KON_TUM', 40, 1),
       (496, 'LO_3_SO-KON_TUM', 40, 2),
       (497, 'XIEN_2-KON_TUM', 40, 3),
       (498, 'XIEN_3-KON_TUM', 40, 4),
       (499, 'XIEN_4-KON_TUM', 40, 5),
       (500, 'DE_DAU-KON_TUM', 40, 6),
       (501, 'DE_DAC_BIET-KON_TUM', 40, 7),
       (502, 'DE_DAU_DUOI-KON_TUM', 40, 8),
       (503, 'DAU-KON_TUM', 40, 9),
       (504, 'DUOI-KON_TUM', 40, 10),
       (505, '3_CANG_DAU-KON_TUM', 40, 11),
       (506, '3_CANG_DAC_BIET-KON_TUM', 40, 12),
       (507, '3_CANG_DAU_DUOI-KON_TUM', 40, 13);
INSERT INTO lottery.lottery(id,
                            code,
                            scheduler_id,
                            lottery_schema_id,
                            bet_unit_price,
                            win_unit_price)
VALUES (508, 'LO_2_SO-MIEN_BAC', 5, 1, 27000, 98000),
       (509, 'LO_3_SO-MIEN_BAC', 5, 2, 23000, 972500),
       (510, 'XIEN_2-MIEN_BAC', 5, 3, 1000, 17000),
       (511, 'XIEN_3-MIEN_BAC', 5, 4, 1000, 69000),
       (512, 'XIEN_4-MIEN_BAC', 5, 5, 1000, 200000),
       (513, 'DE_DAC_BIET-MIEN_BAC', 5, 7, 1000, 98000),
       (514, 'DAU-MIEN_BAC', 5, 9, 1000, 9800),
       (515, 'DUOI-MIEN_BAC', 5, 10, 1000, 9800),
       (516, '3_CANG_DAC_BIET-MIEN_BAC', 5, 12, 1000, 972500);

----------------------------------------------------------------------------------------------------

CREATE TYPE lottery.RULE_STATUS_ENUM AS ENUM ('ACTIVE', 'SUSPENDED');
CREATE SEQUENCE IF NOT EXISTS lottery.rule_seq START 201;
DROP TABLE IF EXISTS lottery.rule;
CREATE TABLE IF NOT EXISTS lottery.rule (
  id                 INTEGER                  NOT NULL DEFAULT nextval('lottery.rule_seq' :: REGCLASS),
  code               VARCHAR(255)             NOT NULL UNIQUE,
  prize_schemas_id   INTEGER                  NOT NULL,
  lottery_schema_id  INTEGER                  NOT NULL,
  check_match        BOOLEAN                  NOT NULL DEFAULT TRUE,
  check_positions    VARCHAR(50)              NOT NULL,
  status             lottery.RULE_STATUS_ENUM NOT NULL DEFAULT 'ACTIVE' :: lottery.RULE_STATUS_ENUM,

  version            BIGINT                            DEFAULT 0,
  created_date       TIMESTAMP                         DEFAULT CURRENT_TIMESTAMP,
  last_modified_date TIMESTAMP                         DEFAULT CURRENT_TIMESTAMP,
  created_by         VARCHAR(255),
  last_modified_by   VARCHAR(255),

  PRIMARY KEY (id),
  FOREIGN KEY (prize_schemas_id) REFERENCES lottery.prize_schema(id),
  FOREIGN KEY (lottery_schema_id) REFERENCES lottery.lottery_schema(id),
  UNIQUE (prize_schemas_id, lottery_schema_id)
);

INSERT INTO lottery.rule(id,
                         code,
                         prize_schemas_id,
                         lottery_schema_id,
                         check_match,
                         check_positions)
VALUES (1, 'DAU-MATCH_FIFTH_POSITION_OF_SPECIAL_PRIZE', 1, 9, TRUE, '5'),                 -- DAU
       (2, 'DUOI-MATCH_LAST_POSITION_OF_SPECIAL_PRIZE', 1, 10, TRUE, '6'),                -- DUOI
       (3, 'LO_2_SO-MATCH_2_LAST_POSITIONS_OF_SPECIAL_PRIZE', 1, 1, TRUE, '5,6'),         -- LO 2 SO
       (4, 'XIEN_2-MATCH_2_LAST_POSITIONS_OF_SPECIAL_PRIZE', 1, 3, TRUE, '5,6'),          -- XIEN 2
       (5, 'XIEN_3-MATCH_2_LAST_POSITIONS_OF_SPECIAL_PRIZE', 1, 4, TRUE, '5,6'),          -- XIEN 3
       (6, 'XIEN_4-MATCH_2_LAST_POSITIONS_OF_SPECIAL_PRIZE', 1, 5, TRUE, '5,6'),          -- XIEN 4
       (7, 'DE_DAC_BIET-MATCH_2_LAST_POSITIONS_OF_SPECIAL_PRIZE', 1, 7, TRUE, '5,6'),     -- DE DAC BIET
       (8, 'DE_DAU_DUOI-MATCH_2_LAST_POSITIONS_OF_SPECIAL_PRIZE', 1, 8, TRUE, '5,6'),     -- DE DAU DUOI
       (9, 'LO_2_SO-MATCH_2_LAST_POSITIONS_OF_FIRST_PRIZE', 2, 1, TRUE, '4,5'),           -- LO 2 SO
       (10, 'XIEN_2-MATCH_2_LAST_POSITIONS_OF_FIRST_PRIZE', 2, 3, TRUE, '4,5'),           -- XIEN 2
       (11, 'XIEN_3-MATCH_2_LAST_POSITIONS_OF_FIRST_PRIZE', 2, 4, TRUE, '4,5'),           -- XIEN 3
       (12, 'XIEN_4-MATCH_2_LAST_POSITIONS_OF_FIRST_PRIZE', 2, 5, TRUE, '4,5'),           -- XIEN 4
       (13, 'LO_2_SO-MATCH_2_LAST_POSITIONS_OF_SECOND_PRIZE', 3, 1, TRUE, '4,5'),         -- LO 2 SO
       (14, 'XIEN_2-MATCH_2_LAST_POSITIONS_OF_SECOND_PRIZE', 3, 3, TRUE, '4,5'),          -- XIEN 2
       (15, 'XIEN_3-MATCH_2_LAST_POSITIONS_OF_SECOND_PRIZE', 3, 4, TRUE, '4,5'),          -- XIEN 3
       (16, 'XIEN_4-MATCH_2_LAST_POSITIONS_OF_SECOND_PRIZE', 3, 5, TRUE, '4,5'),          -- XIEN 4
       (17, 'LO_2_SO-MATCH_2_LAST_POSITIONS_OF_THIRD_PRIZE', 4, 1, TRUE, '4,5'),          -- LO_2_SO
       (18, 'XIEN_2-MATCH_2_LAST_POSITIONS_OF_THIRD_PRIZE', 4, 3, TRUE, '4,5'),           -- XIEN_2
       (19, 'XIEN_3-MATCH_2_LAST_POSITIONS_OF_THIRD_PRIZE', 4, 4, TRUE, '4,5'),           -- XIEN_3
       (20, 'XIEN_4-MATCH_2_LAST_POSITIONS_OF_THIRD_PRIZE', 4, 5, TRUE, '4,5'),           -- XIEN_4
       (21, 'LO_2_SO-MATCH_2_LAST_POSITIONS_OF_FOURTH_PRIZE', 5, 1, TRUE, '4,5'),         -- LO_2_SO-
       (22, 'XIEN_2-MATCH_2_LAST_POSITIONS_OF_FOURTH_PRIZE', 5, 3, TRUE, '4,5'),          -- XIEN_2-
       (23, 'XIEN_3-MATCH_2_LAST_POSITIONS_OF_FOURTH_PRIZE', 5, 4, TRUE, '4,5'),          -- XIEN_3-
       (24, 'XIEN_4-MATCH_2_LAST_POSITIONS_OF_FOURTH_PRIZE', 5, 5, TRUE, '4,5'),          -- XIEN_4-
       (25, 'LO_2_SO-MATCH_2_LAST_POSITIONS_OF_FIFTH_PRIZE', 6, 1, TRUE, '3,4'),          -- LO_2_SO-
       (26, 'XIEN_2-MATCH_2_LAST_POSITIONS_OF_FIFTH_PRIZE', 6, 3, TRUE, '3,4'),           -- XIEN_2-
       (27, 'XIEN_3-MATCH_2_LAST_POSITIONS_OF_FIFTH_PRIZE', 6, 4, TRUE, '3,4'),           -- XIEN_3-
       (28, 'XIEN_4-MATCH_2_LAST_POSITIONS_OF_FIFTH_PRIZE', 6, 5, TRUE, '3,4'),           -- XIEN_4-
       (29, 'LO_2_SO-MATCH_2_LAST_POSITIONS_OF_SIXTH_PRIZE', 7, 1, TRUE, '3,4'),          -- LO_2_SO
       (30, 'XIEN_2-MATCH_2_LAST_POSITIONS_OF_SIXTH_PRIZE', 7, 3, TRUE, '3,4'),           -- XIEN_2
       (31, 'XIEN_3-MATCH_2_LAST_POSITIONS_OF_SIXTH_PRIZE', 7, 4, TRUE, '3,4'),           -- XIEN_3
       (32, 'XIEN_4-MATCH_2_LAST_POSITIONS_OF_SIXTH_PRIZE', 7, 5, TRUE, '3,4'),           -- XIEN_4
       (33, 'LO_2_SO-MATCH_2_LAST_POSITIONS_OF_SEVENTH_PRIZE', 8, 1, TRUE, '2,3'),        -- LO_2_SO
       (34, 'XIEN_2-MATCH_2_LAST_POSITIONS_OF_SEVENTH_PRIZE', 8, 3, TRUE, '2,3'),         -- XIEN_2
       (35, 'XIEN_3-MATCH_2_LAST_POSITIONS_OF_SEVENTH_PRIZE', 8, 4, TRUE, '2,3'),         -- XIEN_3
       (36, 'XIEN_4-MATCH_2_LAST_POSITIONS_OF_SEVENTH_PRIZE', 8, 5, TRUE, '2,3'),         -- XIEN_4
       (37, 'LO_2_SO-MATCH_2_LAST_POSITIONS_OF_EIGHTH_PRIZE', 9, 1, TRUE, '1,2'),         -- LO_2_SO
       (38, 'XIEN_2-MATCH_2_LAST_POSITIONS_OF_EIGHTH_PRIZE', 9, 3, TRUE, '1,2'),          -- XIEN_2
       (39, 'XIEN_3-MATCH_2_LAST_POSITIONS_OF_EIGHTH_PRIZE', 9, 4, TRUE, '1,2'),          -- XIEN_3
       (40, 'XIEN_4-MATCH_2_LAST_POSITIONS_OF_EIGHTH_PRIZE', 9, 5, TRUE, '1,2'),          -- XIEN_4
       (41, 'DE_DAU-MATCH_2_LAST_POSITIONS_OF_EIGHTH_PRIZE', 9, 6, TRUE, '1,2'),          -- DE_DAU
       (42, 'DE_DAU_DUOI-MATCH_2_LAST_POSITIONS_OF_EIGHTH_PRIZE', 9, 8, TRUE, '1,2'),     -- DE_DAU_DUOI
       (43, 'LO_3_SO-MATCH_3_LAST_POSITIONS_OF_SPECIAL_PRIZE', 1, 2, TRUE, '4,5,6'),      -- LO_3_SO
       (44,
        '3_CANG_DAC_BIET-MATCH_3_LAST_POSITIONS_OF_SPECIAL_PRIZE',
        1,
        12,
        TRUE,
        '4,5,6'),                                                                         -- 3_CANG_DAC_BIET
       (45,
        '3_CANG_DUOI-MATCH_3_LAST_POSITIONS_OF_SPECIAL_PRIZE',
        1,
        13,
        TRUE,
        '4,5,6'),                                                                         -- 3_CANG_DUOI
       (46, 'LO_3_SO-MATCH_3_LAST_POSITIONS_OF_FIRST_PRIZE', 2, 2, TRUE, '3,4,5'),        -- LO_3_SO
       (47, 'LO_3_SO-MATCH_3_LAST_POSITIONS_OF_SECOND_PRIZE', 3, 2, TRUE, '3,4,5'),       -- LO_3_SO
       (48, 'LO_3_SO-MATCH_3_LAST_POSITIONS_OF_THIRD_PRIZE', 4, 2, TRUE, '3,4,5'),        -- LO_3_SO
       (49, 'LO_3_SO-MATCH_3_LAST_POSITIONS_OF_FOURTH_PRIZE', 5, 2, TRUE, '3,4,5'),       -- LO_3_SO
       (50, 'LO_3_SO-MATCH_3_LAST_POSITIONS_OF_FIFTH_PRIZE', 6, 2, TRUE, '2,3,4'),        -- LO_3_SO
       (51, 'LO_3_SO-MATCH_3_LAST_POSITIONS_OF_SIXTH_PRIZE', 7, 2, TRUE, '2,3,4'),        -- LO_3_SO
       (52, 'LO_3_SO-MATCH_3_LAST_POSITIONS_OF_SEVENTH_PRIZE', 8, 2, TRUE, '1,2,3'),      -- LO_3_SO
       (53,
        '3_CANG_DAU-MATCH_3_LAST_POSITIONS_OF_SEVENTH_PRIZE',
        8,
        11,
        TRUE,
        '1,2,3'),                                                                         -- 3_CANG_DAU
       (54,
        '3_CANG_DAU_DUOI-MATCH_3_LAST_POSITIONS_OF_SEVENTH_PRIZE',
        8,
        13,
        TRUE,
        '1,2,3'),                                                                         -- 3_CANG_DAU_DUOI
       -- MIEN_BAC
       (55, 'MATCH_FOURTH_POSITION_OF_NORTH_SPECIAL_PRIZE', 10, 9, TRUE, '4'),            -- DAU
       (56, 'MATCH_LAST_POSITION_OF_NORTH_SPECIAL_PRIZE', 10, 10, TRUE, '5'),             -- DUOI
       (57, 'LO_2_SO-MATCH_2_LAST_POSITIONS_OF_NORTH_SPECIAL_PRIZE', 10, 1, TRUE, '4,5'), -- LO_2_SO
       (58, 'XIEN_2-MATCH_2_LAST_POSITIONS_OF_NORTH_SPECIAL_PRIZE', 10, 3, TRUE, '4,5'),  -- XIEN_2
       (59, 'XIEN_3-MATCH_2_LAST_POSITIONS_OF_NORTH_SPECIAL_PRIZE', 10, 4, TRUE, '4,5'),  -- XIEN_3
       (60, 'XIEN_4-MATCH_2_LAST_POSITIONS_OF_NORTH_SPECIAL_PRIZE', 10, 5, TRUE, '4,5'),  -- XIEN_4
       (61,
        'DE_DAC_BIET-MATCH_2_LAST_POSITIONS_OF_NORTH_SPECIAL_PRIZE',
        10,
        7,
        TRUE,
        '4,5'),                                                                           -- DE_DAC_BIET
       (62, 'LO_2_SO-MATCH_2_LAST_POSITIONS_OF_NORTH_FIRST_PRIZE', 11, 1, TRUE, '4,5'),   -- LO_2_SO
       (63, 'XIEN_2-MATCH_2_LAST_POSITIONS_OF_NORTH_FIRST_PRIZE', 11, 3, TRUE, '4,5'),    -- XIEN_2
       (64, 'XIEN_3-MATCH_2_LAST_POSITIONS_OF_NORTH_FIRST_PRIZE', 11, 4, TRUE, '4,5'),    -- XIEN_3
       (65, 'XIEN_4-MATCH_2_LAST_POSITIONS_OF_NORTH_FIRST_PRIZE', 11, 5, TRUE, '4,5'),    -- XIEN_4
       (66, 'LO_2_SO-MATCH_2_LAST_POSITIONS_OF_NORTH_SECOND_PRIZE', 12, 1, TRUE, '4,5'),  -- LO_2_SO
       (67, 'XIEN_2-MATCH_2_LAST_POSITIONS_OF_NORTH_SECOND_PRIZE', 12, 3, TRUE, '4,5'),   -- XIEN_2
       (68, 'XIEN_3-MATCH_2_LAST_POSITIONS_OF_NORTH_SECOND_PRIZE', 12, 4, TRUE, '4,5'),   -- XIEN_3
       (69, 'XIEN_4-MATCH_2_LAST_POSITIONS_OF_NORTH_SECOND_PRIZE', 12, 5, TRUE, '4,5'),   -- XIEN_4
       (70, 'LO_2_SO-MATCH_2_LAST_POSITIONS_OF_NORTH_THIRD_PRIZE', 13, 1, TRUE, '4,5'),   -- LO_2_SO
       (71, 'XIEN_2-MATCH_2_LAST_POSITIONS_OF_NORTH_THIRD_PRIZE', 13, 3, TRUE, '4,5'),    -- XIEN_2
       (72, 'XIEN_3-MATCH_2_LAST_POSITIONS_OF_NORTH_THIRD_PRIZE', 13, 4, TRUE, '4,5'),    -- XIEN_3
       (73, 'XIEN_4-MATCH_2_LAST_POSITIONS_OF_NORTH_THIRD_PRIZE', 13, 5, TRUE, '4,5'),    -- XIEN_4
       (74, 'LO_2_SO-MATCH_2_LAST_POSITIONS_OF_NORTH_FOURTH_PRIZE', 14, 1, TRUE, '3,4'),  -- LO_2_SO
       (75, 'XIEN_2-MATCH_2_LAST_POSITIONS_OF_NORTH_FOURTH_PRIZE', 14, 3, TRUE, '3,4'),   -- XIEN_2
       (76, 'XIEN_3-MATCH_2_LAST_POSITIONS_OF_NORTH_FOURTH_PRIZE', 14, 4, TRUE, '3,4'),   -- XIEN_3
       (77, 'XIEN_4-MATCH_2_LAST_POSITIONS_OF_NORTH_FOURTH_PRIZE', 14, 5, TRUE, '3,4'),   -- XIEN_4
       (78, 'LO_2_SO-MATCH_2_LAST_POSITIONS_OF_NORTH_FIFTH_PRIZE', 15, 1, TRUE, '3,4'),   -- LO_2_SO
       (79, 'XIEN_2-MATCH_2_LAST_POSITIONS_OF_NORTH_FIFTH_PRIZE', 15, 3, TRUE, '3,4'),    -- XIEN_2
       (80, 'XIEN_3-MATCH_2_LAST_POSITIONS_OF_NORTH_FIFTH_PRIZE', 15, 4, TRUE, '3,4'),    -- XIEN_3
       (81, 'XIEN_4-MATCH_2_LAST_POSITIONS_OF_NORTH_FIFTH_PRIZE', 15, 5, TRUE, '3,4'),    -- XIEN_4
       (82, 'LO_2_SO-MATCH_2_LAST_POSITIONS_OF_NORTH_SIXTH_PRIZE', 16, 1, TRUE, '2,3'),   -- LO_2_SO
       (83, 'XIEN_2-MATCH_2_LAST_POSITIONS_OF_NORTH_SIXTH_PRIZE', 16, 3, TRUE, '2,3'),    -- XIEN_2
       (84, 'XIEN_3-MATCH_2_LAST_POSITIONS_OF_NORTH_SIXTH_PRIZE', 16, 4, TRUE, '2,3'),    -- XIEN_3
       (85, 'XIEN_4-MATCH_2_LAST_POSITIONS_OF_NORTH_SIXTH_PRIZE', 16, 5, TRUE, '2,3'),    -- XIEN_4
       (86, 'LO_2_SO-MATCH_2_LAST_POSITIONS_OF_NORTH_SEVENTH_PRIZE', 17, 1, TRUE, '1,2'), -- LO_2_SO
       (87, 'XIEN_2-MATCH_2_LAST_POSITIONS_OF_NORTH_SEVENTH_PRIZE', 17, 3, TRUE, '1,2'),  -- XIEN_2
       (88, 'XIEN_3-MATCH_2_LAST_POSITIONS_OF_NORTH_SEVENTH_PRIZE', 17, 4, TRUE, '1,2'),  -- XIEN_3
       (89, 'XIEN_4-MATCH_2_LAST_POSITIONS_OF_NORTH_SEVENTH_PRIZE', 17, 5, TRUE, '1,2'),  -- XIEN_4
       (90,
        'LO_3_SO-MATCH_3_LAST_POSITIONS_OF_NORTH_SPECIAL_PRIZE',
        10,
        2,
        TRUE,
        '3,4,5'),                                                                         -- LO_3_SO
       (91,
        '3_CANG_DAC_BIET-MATCH_3_LAST_POSITIONS_OF_NORTH_SPECIAL_PRIZE',
        10,
        12,
        TRUE,
        '3,4,5'),                                                                         -- 3_CANG_DAC_BIET
       (92, 'LO_3_SO-MATCH_3_LAST_POSITIONS_OF_NORTH_FIRST_PRIZE', 11, 2, TRUE, '3,4,5'), -- LO_3_SO
       (93,
        'LO_3_SO-MATCH_3_LAST_POSITIONS_OF_NORTH_SECOND_PRIZE',
        12,
        2,
        TRUE,
        '3,4,5'),                                                                         -- LO_3_SO
       (94, 'LO_3_SO-MATCH_3_LAST_POSITIONS_OF_NORTH_THIRD_PRIZE', 13, 2, TRUE, '3,4,5'), -- LO_3_SO
       (95,
        'LO_3_SO-MATCH_3_LAST_POSITIONS_OF_NORTH_FOURTH_PRIZE',
        14,
        2,
        TRUE,
        '2,3,4'),                                                                         -- LO_3_SO
       (96, 'LO_3_SO-MATCH_3_LAST_POSITIONS_OF_NORTH_FIFTH_PRIZE', 15, 2, TRUE, '2,3,4'), -- LO_3_SO
       (97, 'LO_3_SO-MATCH_3_LAST_POSITIONS_OF_NORTH_SIXTH_PRIZE', 16, 2, TRUE, '1,2,3');
-- LO_3_SO

----------------------------------------------------------------------------------------------------
----------------------------------------------------------------------------------------------------

CREATE TYPE lottery.ISSUE_STATUS_ENUM AS ENUM ('NEW', 'OPENING', 'CLOSED', 'ENDED');
CREATE SEQUENCE IF NOT EXISTS lottery.issue_seq START 101;
DROP TABLE IF EXISTS lottery.issue;
CREATE TABLE IF NOT EXISTS lottery.issue (
  id                  BIGINT                    NOT NULL DEFAULT nextval('lottery.issue_seq' :: REGCLASS),
  code                VARCHAR(255)              NOT NULL UNIQUE,
  scheduler_id        INTEGER                   NOT NULL,
  opening_time        TIMESTAMP                 NOT NULL DEFAULT CURRENT_TIMESTAMP,
  actual_opening_time TIMESTAMP,
  closing_time        TIMESTAMP                 NOT NULL,
  actual_closing_time TIMESTAMP,
  ending_time         TIMESTAMP,
  status              lottery.ISSUE_STATUS_ENUM NOT NULL DEFAULT 'NEW' :: lottery.ISSUE_STATUS_ENUM,

  version             BIGINT                             DEFAULT 0,
  created_date        TIMESTAMP                          DEFAULT CURRENT_TIMESTAMP,
  last_modified_date  TIMESTAMP                          DEFAULT CURRENT_TIMESTAMP,
  created_by          VARCHAR(255),
  last_modified_by    VARCHAR(255),

  PRIMARY KEY (id),
  FOREIGN KEY (scheduler_id) REFERENCES lottery.scheduler(id)
);

----------------------------------------------------------------------------------------------------
CREATE TYPE lottery.TICKET_STATUS_ENUM AS ENUM ('NEW', 'WON', 'LOST', 'PAYING', 'FAILED');
CREATE SEQUENCE IF NOT EXISTS lottery.ticket_seq START 101;
DROP TABLE IF EXISTS lottery.ticket;
CREATE TABLE IF NOT EXISTS lottery.ticket (
  id                        BIGINT                     NOT NULL DEFAULT nextval('lottery.ticket_seq' :: REGCLASS),
  issue_id                  BIGINT                     NOT NULL,
  lottery_id                INTEGER                    NOT NULL,
  ccy                       VARCHAR(5)                 NOT NULL,
  username                  VARCHAR(255)               NOT NULL,
  device_registration_token TEXT,
  total_bet_item            INTEGER                    NOT NULL,
  total_bet_unit            INTEGER                    NOT NULL,
  total_bet_amt             NUMERIC(15, 2)             NOT NULL,
  total_payout              NUMERIC(15, 2)             NOT NULL,
  total_won_unit            INTEGER                    NOT NULL,
  status                    lottery.TICKET_STATUS_ENUM NOT NULL DEFAULT 'NEW' :: lottery.TICKET_STATUS_ENUM,

  version                   BIGINT                              DEFAULT 0,
  created_date              TIMESTAMP                           DEFAULT CURRENT_TIMESTAMP,
  last_modified_date        TIMESTAMP                           DEFAULT CURRENT_TIMESTAMP,
  created_by                VARCHAR(255),
  last_modified_by          VARCHAR(255),

  PRIMARY KEY (id),
  FOREIGN KEY (issue_id) REFERENCES lottery.issue(id),
  FOREIGN KEY (lottery_id) REFERENCES lottery.lottery(id),
  UNIQUE (issue_id, lottery_id, ccy, username),
  CHECK (
      total_bet_item > 0
      AND total_bet_unit > 0
      AND total_bet_amt > 0
      AND total_payout >= 0
      AND total_won_unit >= 0
    )
);

----------------------------------------------------------------------------------------------------

CREATE SEQUENCE IF NOT EXISTS lottery.bet_item_group_seq START 101;
DROP TABLE IF EXISTS lottery.bet_item_group;
CREATE TABLE IF NOT EXISTS lottery.bet_item_group (
  id                 BIGINT  NOT NULL DEFAULT nextval('lottery.bet_item_group_seq' :: REGCLASS),
  ticket_id          BIGINT  NOT NULL,
  bet_items          TEXT    NOT NULL,
  bet_unit           INTEGER NOT NULL DEFAULT 1,

  version            BIGINT           DEFAULT 0,
  created_date       TIMESTAMP        DEFAULT CURRENT_TIMESTAMP,
  last_modified_date TIMESTAMP        DEFAULT CURRENT_TIMESTAMP,
  created_by         VARCHAR(255),
  last_modified_by   VARCHAR(255),

  PRIMARY KEY (id),
  FOREIGN KEY (ticket_id) REFERENCES lottery.ticket(id),
  CHECK (bet_unit > 0)
);

----------------------------------------------------------------------------------------------------

CREATE SEQUENCE IF NOT EXISTS lottery.won_item_seq START 101;
DROP TABLE IF EXISTS lottery.won_item;
CREATE TABLE IF NOT EXISTS lottery.won_item (
  id                 BIGINT      NOT NULL DEFAULT nextval('lottery.won_item_seq' :: REGCLASS),
  ticket_id          BIGINT      NOT NULL,
  bet_content        VARCHAR(50) NOT NULL,
  won_count          INTEGER,
  won_unit           INTEGER     NOT NULL,

  version            BIGINT               DEFAULT 0,
  created_date       TIMESTAMP            DEFAULT CURRENT_TIMESTAMP,
  last_modified_date TIMESTAMP            DEFAULT CURRENT_TIMESTAMP,
  created_by         VARCHAR(255),
  last_modified_by   VARCHAR(255),

  PRIMARY KEY (id),
  FOREIGN KEY (ticket_id) REFERENCES lottery.ticket(id),
  CHECK (won_unit > 0)
);

----------------------------------------------------------------------------------------------------

CREATE SEQUENCE IF NOT EXISTS lottery.draw_result_seq START 101;
DROP TABLE IF EXISTS lottery.draw_result;
CREATE TABLE IF NOT EXISTS lottery.draw_result (
  id                 BIGINT       NOT NULL DEFAULT nextval('lottery.draw_result_seq' :: REGCLASS),
  prize_id           INTEGER      NOT NULL,
  issue_id           BIGINT       NOT NULL,
  win_no             VARCHAR(255) NOT NULL,

  version            BIGINT                DEFAULT 0,
  created_date       TIMESTAMP             DEFAULT CURRENT_TIMESTAMP,
  last_modified_date TIMESTAMP             DEFAULT CURRENT_TIMESTAMP,
  created_by         VARCHAR(255),
  last_modified_by   VARCHAR(255),

  PRIMARY KEY (id),
  FOREIGN KEY (prize_id) REFERENCES lottery.prize(id),
  FOREIGN KEY (issue_id) REFERENCES lottery.issue(id),
  UNIQUE (prize_id, issue_id)
);

----------------------------------------------------------------------------------------------------